,Sequence ID,megaTAL,Description,Measured MRL,Predicted MRL,5_utr,hl_f0_c0,hl_f0_c1,hl_f0_c2,hl_f0_c3,hl_f0_c4,hl_f1_c0,hl_f1_c1,hl_f1_c2,hl_f1_c3,hl_f1_c4,hl_f2_c0,hl_f2_c1,hl_f2_c2,hl_f2_c3,hl_f2_c4,hl_f3_c0,hl_f3_c1,hl_f3_c2,hl_f3_c3,hl_f3_c4,hl_f4_c0,hl_f4_c1,hl_f4_c2,hl_f4_c3,hl_f4_c4,hl_f5_c0,hl_f5_c1,hl_f5_c2,hl_f5_c3,hl_f5_c4,hl_f6_c0,hl_f6_c1,hl_f6_c2,hl_f6_c3,hl_f6_c4,hl_f7_c0,hl_f7_c1,hl_f7_c2,hl_f7_c3,hl_f7_c4,hl_f8_c0,hl_f8_c1,hl_f8_c2,hl_f8_c3,hl_f8_c4,hl_f9_c0,hl_f9_c1,hl_f9_c2,hl_f9_c3,hl_f9_c4,hl_mean,hl_std
0,1,PDCD1,"N50, MPRA, varying MRL",2.142014443,1.8699944,GGGACATCGTAGAGAGTCGTACTTAAGGGATGCCACCGTTTAAAGGATATCTCGGTATGGCCTGGGTAAGCTTCC,-1.5639449,-1.8310789,-1.4414117,-1.7492366,-1.6271447,-1.393657,-1.3904133,-1.685282,-1.2000159,-1.0543153,-1.5717384,-1.7277371,-1.0996795,-1.6583592,-1.5680763,-2.0241826,-1.7286526,-1.9292395,-1.7535099,-1.6010479,-1.8655194,-1.6129483,-1.6815495,-1.7448821,-1.8347385,-1.4499125,-1.0113856,-1.9142933,-0.9756759,-1.3350523,-1.8343265,-1.5715715,-1.335983,-1.4012356,-1.6641355,-1.7953864,-1.8964839,-2.0093982,-1.4371228,-1.7851427,-1.8291525,-1.5212531,-2.0123901,-1.5235242,-1.7089645,-1.3961728,-1.5817757,-1.6216006,-2.0615385,-1.9907197,-1.6200513,0.26702514
1,2,PDCD1,"N50, MPRA, varying MRL",3.497435235,3.500646,GGGACATCGTAGAGAGTCGTACTTAACTCTAGAGTCAGGCATTCTGTGAAATGGACATGGGCGAAGTAGGACCTA,-1.5950791,-1.8499689,-1.4762167,-1.7603945,-1.6194724,-1.4299577,-1.378245,-1.6732676,-1.1934258,-1.0896573,-1.6027484,-1.7648995,-1.1336972,-1.5990378,-1.5639076,-2.0352068,-1.7498842,-1.9600277,-1.7602938,-1.5950596,-1.8474354,-1.638305,-1.7493963,-1.7116311,-1.8756442,-1.3839582,-1.0287622,-1.9134111,-1.0272954,-1.4143939,-1.863351,-1.5510674,-1.318299,-1.4320476,-1.7074093,-1.7967216,-1.8961185,-2.0387468,-1.4445691,-1.7628424,-1.9206998,-1.5253644,-1.9363836,-1.503388,-1.7169784,-1.3834463,-1.554758,-1.6257588,-2.187352,-1.9702234,-1.6311241,0.26808542
2,3,PDCD1,"N50, MPRA, varying MRL",5.000827211,5.0024657,GGGACATCGTAGAGAGTCGTACTTACAGCTCCTGCCAACGCAGAAGGCACCTATGCACTCTCGGACCGCGTCTCC,-1.63038,-1.8843013,-1.4763393,-1.7637826,-1.6492712,-1.465809,-1.4002241,-1.7001541,-1.1909294,-1.0934662,-1.6713848,-1.7653049,-1.097362,-1.6583973,-1.5730902,-2.0674956,-1.7493098,-2.0284512,-1.7603527,-1.6187128,-1.8496007,-1.6642629,-1.6962268,-1.7777828,-1.8838316,-1.5205415,-1.0364306,-1.9130061,-1.0196251,-1.4008765,-1.9222922,-1.603236,-1.3272537,-1.4253705,-1.7253686,-1.7844449,-1.9109294,-2.0261981,-1.5108001,-1.7917771,-1.893022,-1.571019,-1.9881767,-1.5673218,-1.6910313,-1.4454762,-1.6088647,-1.6272299,-2.1589353,-2.0578964,-1.652867,0.27027604
3,4,PDCD1,"N50, MPRA, varying MRL",6.495498009,6.496485,GGGACATCGTAGAGAGTCGTACTTACCGGCAAGGGGTCCGGGGGTCTCCAACGCAGGAGCACACCGCAAGCTTAG,-1.578577,-1.832553,-1.43957,-1.7605785,-1.600679,-1.4938076,-1.3940369,-1.6922445,-1.1841584,-1.0671434,-1.5387198,-1.7457914,-1.1045402,-1.6782848,-1.5644865,-2.0238237,-1.7431836,-1.940384,-1.7894427,-1.5880318,-1.86228,-1.5978855,-1.6712532,-1.7332816,-1.8023051,-1.4216617,-1.0054938,-1.9063857,-0.9593983,-1.3162048,-1.8184206,-1.5650275,-1.3017262,-1.3929548,-1.6519169,-1.7904038,-1.917685,-1.9952872,-1.4341974,-1.7477727,-1.8355514,-1.5415471,-2.0058727,-1.6538432,-1.6454824,-1.3891382,-1.5702199,-1.6033609,-2.0825818,-2.0206814,-1.6199975,0.26907492
4,5,PDCD1,"N50, MPRA, high MRL",10.3604625,7.82314,GGGACATCGTAGAGAGTCGTACTTACAAGAGTGCAAGACACGCTCAGAAGTTAACAAAGACTTAGCGACACCGTC,-1.5814505,-1.79297,-1.451983,-1.754141,-1.5892617,-1.3919066,-1.3824295,-1.6723528,-1.1590556,-1.087834,-1.5296189,-1.7539867,-1.1031482,-1.581083,-1.5414819,-2.0042932,-1.7367271,-1.9703206,-1.7443503,-1.5894333,-1.8128911,-1.6278714,-1.6987274,-1.7132779,-1.8463304,-1.4288378,-0.97838074,-1.9091554,-0.98709375,-1.3017676,-1.8338504,-1.5596551,-1.2883533,-1.418007,-1.6195768,-1.7806778,-1.877316,-2.0258007,-1.4302927,-1.7623131,-1.8478649,-1.5317593,-1.89047,-1.4287052,-1.6729085,-1.4226629,-1.5418172,-1.6043639,-1.9997848,-1.9586519,-1.6043397,0.2634622
5,6,PDCD1,"N50, MPRA, high MRL",9.309283115,7.7394547,GGGACATCGTAGAGAGTCGTACTTACGAGCCGGAAACGGTACTCTAATTGGCATACACACCTAGCGCAAACAATC,-1.5143586,-1.7742765,-1.4233294,-1.7555821,-1.5060794,-1.3859011,-1.3835534,-1.676105,-1.1729697,-1.0253922,-1.5419383,-1.7326531,-1.0757093,-1.5874709,-1.5421526,-1.9729669,-1.724824,-1.8935976,-1.7755636,-1.5705498,-1.8038157,-1.6150854,-1.6301281,-1.7281227,-1.8437442,-1.314965,-0.99060184,-1.8965315,-0.93623656,-1.2544765,-1.8185989,-1.4973812,-1.2577778,-1.3919816,-1.6375912,-1.7772373,-1.8768878,-1.9560605,-1.4481366,-1.7374017,-1.8266095,-1.5734782,-1.9154605,-1.4825107,-1.6347861,-1.3305125,-1.5274339,-1.5929995,-2.0059142,-1.9256119,-1.5852611,0.26746207
6,7,PDCD1,"N50, MPRA, high MRL",9.225635318,7.644577,GGGACATCGTAGAGAGTCGTACTTAACGCAAACTTTGTCGTGCCTTAGGTAGAGGGTGACTACTTGCGGATCAAG,-1.6073977,-1.8468996,-1.4550037,-1.7658424,-1.6711853,-1.40354,-1.3781532,-1.6775745,-1.1686966,-1.0819198,-1.5792137,-1.7559478,-1.1198902,-1.647225,-1.5651115,-2.0271904,-1.7236749,-1.9321965,-1.773084,-1.6079047,-1.8654816,-1.6477524,-1.7026156,-1.7405574,-1.8383447,-1.4907267,-1.0113479,-1.9263147,-1.0110689,-1.3850768,-1.8504949,-1.5604844,-1.3161372,-1.4110215,-1.6940852,-1.8002877,-1.894906,-2.0268338,-1.4471744,-1.7588316,-1.8534821,-1.5230685,-2.0112705,-1.5155681,-1.7426623,-1.4357022,-1.5736612,-1.6228266,-2.1999478,-2.0878384,-1.6346644,0.2732163
7,8,PDCD1,"N50, MPRA, high MRL",8.996743774,7.9392843,GGGACATCGTAGAGAGTCGTACTTACCCACGGTGATAGTGCGAGTAGACAGAGGGACTTTTAGGCACATTGGGAT,-1.5977002,-1.8412911,-1.4609053,-1.7686805,-1.6298711,-1.3815979,-1.3760835,-1.6793349,-1.1856769,-1.0819149,-1.5404028,-1.7633007,-1.1299381,-1.6127244,-1.5490727,-2.036963,-1.7382919,-1.961751,-1.7485542,-1.6036052,-1.8646522,-1.6339463,-1.7148241,-1.7095417,-1.8731492,-1.502527,-1.0116864,-1.9206002,-1.0213315,-1.360409,-1.9064293,-1.5628414,-1.3316256,-1.4266956,-1.6972371,-1.804396,-1.8855494,-2.042848,-1.4058231,-1.7370582,-1.9130834,-1.517711,-1.9578022,-1.5437528,-1.707508,-1.4008541,-1.5529858,-1.629891,-2.1520035,-1.9528476,-1.6285855,0.26920444
8,9,PDCD1,"N25, MPRA, high MRL",7.85899916,6.5708075,GGGAATACAGAGTAAACCCAATCCTGAG,-1.4561067,-1.9077207,-1.4240463,-1.8298796,-1.6089936,-1.2755198,-1.3827499,-1.6720098,-1.2506603,-1.0842702,-1.710979,-1.7667325,-1.130537,-1.6220742,-1.6328901,-1.9468211,-1.8101653,-1.9368703,-1.8349284,-1.6045371,-1.8571244,-1.6720465,-1.8058847,-1.783617,-1.7509228,-1.5757719,-1.1114458,-1.8596973,-0.9943401,-1.495189,-1.9701518,-1.60028,-1.249338,-1.5254486,-1.7227818,-1.7456723,-1.8288043,-2.125294,-1.5388073,-1.7215941,-2.0046253,-1.6190656,-1.9774424,-1.5511862,-1.6543906,-1.4106723,-1.5729342,-1.6028441,-2.0568926,-1.9457425,-1.6443698,0.26426175
9,10,PDCD1,"N25, MPRA, high MRL",7.532818975,6.5204167,GGGCAACACTGGAAACCCGATCCCGAAG,-1.4605708,-1.908804,-1.4283392,-1.8298885,-1.6095426,-1.2770802,-1.3824311,-1.6725416,-1.2501439,-1.0836715,-1.7247859,-1.7676187,-1.1317307,-1.6252018,-1.6342754,-1.9519597,-1.8119297,-1.9436423,-1.8325443,-1.606177,-1.858041,-1.6750575,-1.8156207,-1.7861769,-1.7432163,-1.5750014,-1.109253,-1.8580949,-1.0047995,-1.511596,-1.9720321,-1.600513,-1.2506819,-1.5270529,-1.7250639,-1.7457503,-1.8315911,-2.1257906,-1.5419562,-1.73499,-2.006216,-1.6197178,-1.9839431,-1.5454514,-1.6541942,-1.4144073,-1.5735989,-1.6036878,-2.0707147,-1.9658288,-1.6472586,0.2651451
10,11,PDCD1,"N25, MPRA, high MRL",7.471630652,6.501658,GGGAGTAGCTGTCAGAAGGCTATATACC,-1.4542192,-1.9094466,-1.4261738,-1.8299385,-1.6055527,-1.2797236,-1.3827441,-1.6708388,-1.2505599,-1.0846561,-1.7041613,-1.7642809,-1.1284945,-1.610633,-1.6324782,-1.9450407,-1.8107014,-1.9345047,-1.8340784,-1.6017857,-1.85377,-1.6738485,-1.8060794,-1.7835584,-1.7500268,-1.5735226,-1.1121684,-1.8571588,-0.9964563,-1.4929526,-1.9692492,-1.5992749,-1.244861,-1.5256021,-1.7205158,-1.745773,-1.8264861,-2.1252556,-1.538702,-1.7224914,-2.008026,-1.6173244,-1.980944,-1.5481924,-1.6535751,-1.412821,-1.5721594,-1.603722,-2.0518625,-1.9391419,-1.6433105,0.2638625
11,12,PDCD1,"N25, MPRA, high MRL",7.435120095,6.8182435,GGGTAATACACTCATAGTCATAATTAAT,-1.4624257,-1.9016646,-1.4309456,-1.8299338,-1.6058465,-1.2739505,-1.3838269,-1.670063,-1.2507257,-1.0881763,-1.7032802,-1.7670599,-1.125824,-1.6140457,-1.6422749,-1.9440589,-1.8083436,-1.9192729,-1.8478938,-1.600572,-1.8574586,-1.6645483,-1.7932676,-1.7781718,-1.7505829,-1.5600525,-1.1132058,-1.8596431,-0.9843777,-1.4793015,-1.9669447,-1.5987313,-1.2508949,-1.5273997,-1.7203232,-1.7407604,-1.8248186,-2.114539,-1.5438945,-1.6953496,-2.007726,-1.6174495,-1.980276,-1.5586777,-1.6529703,-1.4189475,-1.5738336,-1.5946047,-2.0327954,-1.9590095,-1.6418148,0.26291957
12,13,PDCD1,"N50, SeqProp",,8.296751976,GGGACATCGTAGAGAGTCGTACTTACCGGATATCCGGATTTAATAGATAGAAGATATAATAAGATAATTATTGCT,-1.5280429,-1.7512416,-1.4082023,-1.7383286,-1.3864084,-1.4259596,-1.3943988,-1.6435809,-1.1821524,-1.0831755,-1.4635407,-1.7030807,-1.0507784,-1.6617107,-1.5278786,-1.8820412,-1.6412458,-1.9119015,-1.8011593,-1.5576147,-1.8421706,-1.5880849,-1.6569272,-1.7310039,-1.744645,-1.2989697,-1.0413607,-1.8302255,-0.94401914,-1.2377169,-1.7711879,-1.4915061,-1.2722129,-1.3832166,-1.6335179,-1.7800919,-1.8622504,-1.9425672,-1.4312243,-1.6323683,-1.8321868,-1.5796611,-1.9255828,-1.3666992,-1.5915829,-1.3391514,-1.5544552,-1.557931,-1.913893,-2.0735023,-1.5718471,0.2610176
13,14,PDCD1,"N50, SeqProp",,8.129437447,GGGACATCGTAGAGAGTCGTACTTACCGTAATCCGTTTTATAGTGAGAGAGTAGTAATTTAAGTAGAGAATCGTT,-1.5608398,-1.8553216,-1.4371401,-1.7489908,-1.6198882,-1.3894885,-1.3956362,-1.6534331,-1.1698614,-1.0507838,-1.4910345,-1.7339945,-1.0983369,-1.6832305,-1.5463216,-1.9816815,-1.6764647,-1.889819,-1.7801869,-1.5898784,-1.8614489,-1.5939618,-1.6742799,-1.7734264,-1.8030549,-1.47781,-1.0387603,-1.9212822,-0.96014684,-1.3091105,-1.7567405,-1.5540135,-1.2979537,-1.3833046,-1.6234797,-1.7951853,-1.8631587,-1.9756923,-1.4277081,-1.6688956,-1.8295181,-1.5803607,-1.9616007,-1.4266347,-1.683827,-1.4070659,-1.5732839,-1.5690787,-1.9981421,-2.0313537,-1.6034522,0.2624588
14,15,PDCD1,"N50, SeqProp",,7.935946941,GGGACATCGTAGAGAGTCGTACTTAACAGAGAGTTTTCTATAACGTAAATCCGTAGCTAAGTAAGTAGAAGAGTT,-1.5437462,-1.7964139,-1.4039149,-1.7477546,-1.5392303,-1.3791733,-1.392999,-1.6551994,-1.1862946,-1.0478925,-1.4844013,-1.7098591,-1.0811648,-1.6871694,-1.5504556,-1.9016352,-1.660787,-1.9058836,-1.7914977,-1.5783638,-1.8585855,-1.5886518,-1.6698741,-1.7685014,-1.7636503,-1.4373118,-1.0295238,-1.9226933,-0.9761572,-1.2706124,-1.7313164,-1.5465089,-1.3144524,-1.3833848,-1.6218975,-1.7896746,-1.8595672,-1.9645692,-1.4115045,-1.6626344,-1.8244382,-1.5706772,-1.943129,-1.4065946,-1.6726767,-1.40154,-1.5472797,-1.5684334,-2.0034313,-1.9994181,-1.5910506,0.25892425
15,16,PDCD1,"N50, SeqProp",,7.91066885,GGGACATCGTAGAGAGTCGTACTTACCCGTAACTTAATAATATCCGAGATTAGTAGCTAATTTAGCGAGTAGGAA,-1.5609611,-1.8442814,-1.4073851,-1.7415925,-1.5377227,-1.3771018,-1.3926814,-1.6571436,-1.132462,-1.0319749,-1.5047642,-1.6952878,-1.0802851,-1.7102321,-1.5732656,-1.9259483,-1.6692182,-1.898401,-1.7974062,-1.5872225,-1.8516711,-1.5846354,-1.6714126,-1.7553945,-1.7620294,-1.4057885,-1.0211893,-1.90624,-0.95147663,-1.3120505,-1.6955253,-1.5247266,-1.291157,-1.3957152,-1.6095606,-1.7790877,-1.8652068,-1.9114444,-1.4133149,-1.6265806,-1.8115683,-1.5699337,-1.9225808,-1.4177972,-1.6474266,-1.3896747,-1.5693597,-1.5724738,-2.0084054,-2.037793,-1.5881313,0.2617953
16,17,PDCD1,"N50, SeqProp+VAE",,7.858075619,GGGACATCGTAGAGAGTCGTACTTACCCAGAGAATATAAATCATAGTATAGTAATCCAAGAGAGTAGAAGATATT,-1.5289551,-1.768163,-1.391669,-1.7315964,-1.513752,-1.3763934,-1.393177,-1.6576043,-1.1237425,-1.0196308,-1.4236653,-1.7094152,-1.0461371,-1.668054,-1.5392915,-1.9285167,-1.659367,-1.8910444,-1.7853519,-1.5789989,-1.8492721,-1.593426,-1.6671306,-1.739024,-1.7571108,-1.3121291,-1.0203506,-1.905695,-0.9453352,-1.2597015,-1.762574,-1.5026308,-1.2692908,-1.3690276,-1.5861747,-1.7789587,-1.8569341,-1.9536065,-1.4139873,-1.6761278,-1.8258315,-1.556684,-1.8646662,-1.3736739,-1.6240925,-1.3652196,-1.5301391,-1.562724,-1.9375354,-1.957975,-1.5710311,0.2640445
17,18,PDCD1,"N50, SeqProp+VAE",,7.977842808,GGGACATCGTAGAGAGTCGTACTTAGAGAGAGAGTTTATACCACAGAGTAACTTAACCCAATAATAACTAGAGTA,-1.4941474,-1.784257,-1.3627672,-1.7341868,-1.4705055,-1.3963164,-1.4017552,-1.6321595,-1.143197,-0.98892874,-1.4922696,-1.6928064,-1.0708766,-1.6735678,-1.5321692,-1.8985825,-1.6342312,-1.8878386,-1.7755557,-1.5452143,-1.8457814,-1.5699064,-1.6283846,-1.7255893,-1.7289385,-1.2890726,-1.0339452,-1.8924575,-0.9344735,-1.2592127,-1.6083992,-1.4654583,-1.2743529,-1.38901,-1.5520953,-1.750894,-1.8790076,-1.8953478,-1.422086,-1.6038272,-1.8264688,-1.5840454,-1.9136238,-1.4591277,-1.6252524,-1.38483,-1.5712724,-1.550301,-1.9076475,-1.9945737,-1.5635344,0.2582469
18,19,PDCD1,"N50, SeqProp+VAE",,7.849075317,GGGACATCGTAGAGAGTCGTACTTACCCGGATAAAAAAACCCTGAGTGTAATCTAAGAGAATCGTAGAAAGAGTA,-1.5473346,-1.8263406,-1.4201281,-1.7479217,-1.5688015,-1.3724201,-1.3870431,-1.6592312,-1.1756603,-1.033758,-1.4484471,-1.7056992,-1.0842762,-1.6282587,-1.5507023,-1.9638348,-1.6774975,-1.8818733,-1.7590898,-1.5795763,-1.8623363,-1.585864,-1.6545974,-1.7429618,-1.7993724,-1.3490115,-0.99862045,-1.9160113,-0.9592697,-1.2973874,-1.7378583,-1.4963046,-1.2914175,-1.3890743,-1.5793003,-1.7847732,-1.8628951,-2.000384,-1.440092,-1.7196183,-1.7969016,-1.5143617,-1.8787352,-1.4099013,-1.6869777,-1.389541,-1.5515066,-1.5869987,-2.0059733,-1.9307392,-1.5847338,0.26211372
19,20,PDCD1,"N50, SeqProp+VAE",,7.926457405,GGGACATCGTAGAGAGTCGTACTTACCCGTAGCGTAAAAAACAATTAGTAGAGAGAAATTATTGAGCGTAAAGTA,-1.5545372,-1.8562862,-1.3982899,-1.7459631,-1.5757915,-1.382474,-1.3938009,-1.6533802,-1.140323,-1.0528444,-1.4882606,-1.7192206,-1.0807946,-1.6751938,-1.5592946,-1.9545181,-1.657995,-1.9050932,-1.7666079,-1.5855625,-1.8540542,-1.5754915,-1.6593139,-1.7803558,-1.7903094,-1.4195032,-1.0189308,-1.9281532,-0.956081,-1.2899916,-1.7368028,-1.5328188,-1.2777518,-1.3712306,-1.6120511,-1.7765526,-1.866348,-1.9518268,-1.4342923,-1.646414,-1.8331975,-1.5649104,-1.9409331,-1.4122804,-1.6751868,-1.3832203,-1.5691823,-1.5649524,-2.003088,-2.0536363,-1.5925019,0.2663376
20,21,PDCD1,"N25, SeqProp",,7.241892815,GGGTTACGAGTAGAGAAGACCTTCTGAA,-1.4595001,-1.9076232,-1.4289589,-1.8299439,-1.6103791,-1.2733599,-1.3822061,-1.6745533,-1.248697,-1.0836164,-1.7064141,-1.7660942,-1.1312435,-1.6207653,-1.6304618,-1.9468971,-1.810502,-1.9401217,-1.833435,-1.6041542,-1.8547431,-1.6746916,-1.8172867,-1.7823886,-1.7604694,-1.5766851,-1.110418,-1.8582566,-1.0065342,-1.5036795,-1.9706025,-1.6003174,-1.2479252,-1.5297319,-1.7232426,-1.7464837,-1.8283198,-2.1269174,-1.5380582,-1.7322841,-2.0064158,-1.6189371,-1.9833571,-1.5448312,-1.6539497,-1.4149246,-1.5742415,-1.6043864,-2.0598047,-1.9526744,-1.6458298,0.26436207
21,22,PDCD1,"N25, SeqProp",,7.169063568,GGGTTTGACCTTTCCTACTGATAGAGAA,-1.458887,-1.9059155,-1.4226778,-1.8299354,-1.6084687,-1.2752395,-1.3826524,-1.673444,-1.2505027,-1.083656,-1.6921326,-1.7660156,-1.1310439,-1.6186672,-1.6316178,-1.9435859,-1.8087071,-1.929733,-1.8348465,-1.6025823,-1.8589199,-1.6689128,-1.8103604,-1.7766521,-1.7529863,-1.5752457,-1.1118766,-1.8596349,-1.0057925,-1.4962947,-1.9669241,-1.5989163,-1.2454759,-1.5273223,-1.721414,-1.7456192,-1.8285733,-2.1250198,-1.5388656,-1.7081409,-2.0075908,-1.6176803,-1.9791299,-1.5501505,-1.6530095,-1.4166696,-1.5729978,-1.6049763,-2.0672011,-1.9402038,-1.6436572,0.26348388
22,23,PDCD1,"N25, SeqProp",,7.268687725,GGGCAAACTCTCTGAGGAGAGGTTTAAA,-1.4614217,-1.9113736,-1.4282925,-1.8285434,-1.6089282,-1.2773134,-1.3821641,-1.6749793,-1.2489429,-1.0837797,-1.7016822,-1.7664945,-1.1316288,-1.6186458,-1.6320646,-1.941705,-1.8101779,-1.934336,-1.8339225,-1.6038574,-1.8602587,-1.669626,-1.8133767,-1.7794625,-1.7599959,-1.5759782,-1.1128467,-1.8613453,-1.0051292,-1.5142777,-1.9688663,-1.6003563,-1.2497364,-1.5275996,-1.7270609,-1.746858,-1.8274264,-2.1261737,-1.5396296,-1.7281289,-2.0077422,-1.6179366,-1.9789083,-1.5449483,-1.6520749,-1.418088,-1.5740383,-1.6065805,-2.0623763,-1.9431864,-1.6456053,0.26349652
23,24,PDCD1,"N25, SeqProp",,7.174387932,GGGTTTCCGTCTACTCGAGAGAGGAAAA,-1.4610294,-1.9088742,-1.4242082,-1.8303372,-1.6106693,-1.2757219,-1.382305,-1.6741527,-1.2508909,-1.0834185,-1.7132443,-1.7660792,-1.1317108,-1.6195651,-1.6318353,-1.9446752,-1.8099189,-1.9338336,-1.8340591,-1.6051804,-1.862074,-1.6713144,-1.8151186,-1.7820419,-1.756168,-1.5751168,-1.1124935,-1.8577526,-1.0063093,-1.5084321,-1.9678819,-1.600472,-1.2467104,-1.5270734,-1.724681,-1.7455759,-1.8296031,-2.1270955,-1.5397718,-1.7335703,-2.005108,-1.6198025,-1.9804586,-1.5453404,-1.6545149,-1.4174616,-1.574139,-1.6053731,-2.0758858,-1.9432639,-1.6460463,0.26421502
24,25,PDCD1,"N25, SeqProp",,7.086833,GGGTTCGAGCGACCTGAATTAGAGGACA,-1.4624017,-1.9078017,-1.4215707,-1.8302026,-1.6084238,-1.2786232,-1.382394,-1.6722137,-1.2504367,-1.0839856,-1.7062422,-1.765544,-1.1317472,-1.6145502,-1.6300101,-1.9460686,-1.8110017,-1.9352229,-1.8348988,-1.6043206,-1.8553029,-1.6717588,-1.8144475,-1.7812592,-1.7489593,-1.576798,-1.1106412,-1.8572507,-1.0060858,-1.5004375,-1.9679606,-1.6003408,-1.2475792,-1.529187,-1.7235007,-1.7463375,-1.8304186,-2.1270838,-1.5406325,-1.7316561,-2.0058892,-1.618859,-1.9832083,-1.5491232,-1.6540238,-1.4165709,-1.5727984,-1.6053646,-2.0659215,-1.9428388,-1.6451977,0.26385698
25,26,PDCD1,"N25, SeqProp+VAE",,7.193542957,GGGTTTACCGGAATCCGAATTTGCGAAA,-1.4615815,-1.9088194,-1.4273074,-1.8300402,-1.6127359,-1.2785844,-1.3823544,-1.6745653,-1.249149,-1.0837725,-1.7219296,-1.7670646,-1.1320194,-1.6242484,-1.6313227,-1.9527954,-1.8120596,-1.941967,-1.8312582,-1.6056346,-1.8609322,-1.677885,-1.8188388,-1.7858416,-1.7599103,-1.579263,-1.1100011,-1.8579221,-1.0085673,-1.5199925,-1.9727328,-1.6004236,-1.2506086,-1.5306349,-1.7302105,-1.7461594,-1.8333703,-2.1255808,-1.5405303,-1.7430122,-2.0063903,-1.6203206,-1.9869645,-1.5444784,-1.6550378,-1.4179498,-1.5752236,-1.6049356,-2.0737486,-1.9649456,-1.6486325,0.2651638
26,27,PDCD1,"N25, SeqProp+VAE",,7.180799961,GGGTTCCGACCTTCCGAGGAGTTTAAGA,-1.4588821,-1.9106303,-1.424668,-1.8291289,-1.6091701,-1.2779872,-1.3822857,-1.6738924,-1.247657,-1.0840518,-1.7116362,-1.7662854,-1.1323584,-1.622135,-1.6325052,-1.9533708,-1.8090777,-1.9318607,-1.8338777,-1.6039417,-1.8648655,-1.6675853,-1.8140056,-1.7799978,-1.7549204,-1.5753285,-1.1124865,-1.8615912,-1.005547,-1.5121816,-1.9674333,-1.6004566,-1.2516336,-1.5287684,-1.7268788,-1.7454156,-1.8315074,-2.1259449,-1.5401702,-1.7244179,-2.005254,-1.6182454,-1.9813148,-1.5473135,-1.6530894,-1.4195513,-1.5734018,-1.6052403,-2.0687943,-1.9434206,-1.6460433,0.26394355
27,28,PDCD1,"N50, DEN",,9.757784,GGGACATCGTAGAGAGTCGTACTTATCGGAGAGAGAGAGAGAGAGAGAGAGAGATAAGTTCCTAACTGATTCTAA,-1.5582049,-1.7780336,-1.4244015,-1.7412821,-1.4544195,-1.3546005,-1.3850055,-1.6692244,-1.1735047,-1.0723447,-1.4562732,-1.7415162,-1.0744615,-1.5921472,-1.5437956,-1.9769417,-1.6704346,-1.8761199,-1.7505921,-1.5870408,-1.8433646,-1.6246651,-1.6882894,-1.7445813,-1.807354,-1.3331014,-0.99429923,-1.9130647,-0.97723824,-1.2713091,-1.8204417,-1.4996592,-1.3176234,-1.3860481,-1.6214763,-1.7793509,-1.8524245,-1.9838344,-1.4246087,-1.7206838,-1.8076067,-1.562814,-1.8684709,-1.3985215,-1.6465064,-1.3645538,-1.5276003,-1.5824945,-1.9903917,-1.9386147,-1.5834268,0.26160964
28,29,PDCD1,"N50, DEN",,9.343899,GGGACATCGTAGAGAGTCGTACTTAGTCCCTGAACGTTTTCGGGGAGCGCACTAATCGTTTCTCACTGATCCTAA,-1.6027291,-1.8709728,-1.4504912,-1.7605748,-1.54243,-1.5173769,-1.3901566,-1.6874563,-1.1939617,-1.0818249,-1.5910321,-1.7306511,-1.067952,-1.6488726,-1.5793561,-2.0184631,-1.7308685,-1.8929428,-1.7527759,-1.5940356,-1.8216765,-1.6272553,-1.668094,-1.7487891,-1.8408458,-1.4946427,-0.99860996,-1.9163458,-0.95385414,-1.3374255,-1.8582819,-1.5454943,-1.2975692,-1.3978894,-1.6362141,-1.7950093,-1.8753949,-1.9724746,-1.458605,-1.7366495,-1.8028964,-1.5680699,-2.004405,-1.5814978,-1.6677996,-1.3618907,-1.5543685,-1.591392,-2.0319724,-1.9937117,-1.6168813,0.2636733
29,30,PDCD1,"N50, DEN",,9.214127,GGGACATCGTAGAGAGTCGTACTTAAAGGAGAGAGAGAGAGAATCGGAGAGCACTAATCGTTCCACTAACTGATC,-1.5683888,-1.8057865,-1.4453508,-1.7434288,-1.5041329,-1.3824499,-1.3780454,-1.6642357,-1.1689522,-1.0646119,-1.549203,-1.7552407,-1.0843847,-1.5667949,-1.5367105,-1.989119,-1.7379884,-1.9267255,-1.7359574,-1.5864998,-1.7900394,-1.632751,-1.6695735,-1.718065,-1.8508656,-1.3600761,-0.9791178,-1.902622,-0.94995135,-1.3163786,-1.851383,-1.5717201,-1.2628957,-1.3980198,-1.6646885,-1.7813025,-1.8625555,-1.9941576,-1.4188039,-1.7616758,-1.8002232,-1.5499341,-1.9246491,-1.482772,-1.6696264,-1.3676429,-1.5212752,-1.5827744,-2.011269,-1.9248654,-1.5953139,0.2657161
30,31,PDCD1,"N50, DEN",,9.167394,GGGACATCGTAGAGAGTCGTACTTATCTAGTTCTAGTAGATAAGTTCCACTAGAACCCTAACTGACTAGCACACA,-1.492283,-1.7380749,-1.3902847,-1.7428702,-1.4649206,-1.3840796,-1.3844421,-1.6664029,-1.1381956,-1.0169718,-1.4297771,-1.7407447,-1.0615005,-1.519292,-1.521558,-1.9383584,-1.6829214,-1.8863416,-1.7609057,-1.5848938,-1.804344,-1.614226,-1.6540129,-1.7328063,-1.7568852,-1.319236,-1.0013376,-1.8913306,-0.94351697,-1.2556269,-1.7397261,-1.4948034,-1.2439641,-1.3938451,-1.6347672,-1.7863328,-1.8582925,-1.9451632,-1.4170185,-1.6808604,-1.8094912,-1.5823166,-1.855987,-1.3668649,-1.5871553,-1.3562888,-1.5139676,-1.5503466,-1.9542363,-1.921435,-1.5642201,0.26200312
31,32,PDCD1,"N50, DEN",,9.146587,GGGACATCGTAGAGAGTCGTACTTAAAGTCCCTAATCGTTCCTAATCGGGGAGAGAGATAAGTTTCTGATTCTAA,-1.57193,-1.8160061,-1.4456522,-1.739843,-1.4724259,-1.3829795,-1.3889395,-1.6720068,-1.1491393,-1.0636578,-1.5241903,-1.7292955,-1.074921,-1.6060263,-1.5531353,-1.9830568,-1.686631,-1.8863728,-1.753976,-1.5977954,-1.8257617,-1.6117457,-1.681721,-1.7580918,-1.8085289,-1.4484433,-0.99311095,-1.9053323,-0.9676958,-1.2692102,-1.8326979,-1.4912288,-1.3051404,-1.3784543,-1.6277909,-1.7976493,-1.8525668,-1.9726963,-1.4384792,-1.7258573,-1.7966038,-1.5354267,-1.9189608,-1.4272274,-1.6630371,-1.3892848,-1.5297192,-1.5947857,-1.9997008,-1.9526197,-1.591951,0.26226306
32,33,PDCD1,"N50, DEN+VAE",,8.7772255,GGGACATCGTAGAGAGTCGTACTTAGTTTTCTGGAGAAAGAGTCTAGAGCTAGCAGAGAGACCTTAAACCCTAAA,-1.5241157,-1.7757633,-1.4162207,-1.7533604,-1.5650164,-1.3680071,-1.3820484,-1.6694193,-1.1659065,-1.0350868,-1.4516034,-1.7454141,-1.0873299,-1.5703491,-1.5456817,-1.9268115,-1.7060839,-1.8886882,-1.7619656,-1.575972,-1.8198878,-1.6032038,-1.6674372,-1.7151511,-1.8073661,-1.3348917,-0.97950214,-1.8953836,-0.96724063,-1.298291,-1.7874346,-1.4883378,-1.2691472,-1.3824854,-1.6217161,-1.7838931,-1.8628743,-1.9887064,-1.4148452,-1.71737,-1.8456043,-1.5499626,-1.8621293,-1.4145051,-1.6412318,-1.3455329,-1.5200995,-1.5883323,-2.0098386,-1.8865863,-1.5796766,0.26206917
33,34,PDCD1,"N50, DEN+VAE",,8.63653,GGGACATCGTAGAGAGTCGTACTTAGAGAGTTTTTATTCTTAAGTTTCGAAGTGAGAATCTCTAGAATTATCATA,-1.5585269,-1.788164,-1.4196405,-1.7559286,-1.5156078,-1.4268383,-1.3786966,-1.6596879,-1.1545733,-1.0359536,-1.5024325,-1.7317522,-1.0707694,-1.6497679,-1.5258858,-1.9564407,-1.6797427,-1.8721228,-1.7437998,-1.5651866,-1.8122613,-1.5998403,-1.6825054,-1.757336,-1.80844,-1.4103284,-1.0169193,-1.8950748,-0.9559761,-1.2824394,-1.7400942,-1.4986631,-1.2846023,-1.3881642,-1.6142715,-1.7916964,-1.8519602,-1.9554857,-1.4256222,-1.7101781,-1.8303734,-1.5638392,-1.884561,-1.4280359,-1.6443632,-1.3206522,-1.5315326,-1.5688373,-1.8753828,-1.9044894,-1.5805092,0.25502673
34,35,PDCD1,"N50, DEN, varying MRL",,1.9945269,GGGACATCGTAGAGAGTCGTACTTACATCCCGGTCGCCATGGCTGGGTGTCCCCATCCGCGTCCCCAACAATGGC,-1.4506828,-1.9088541,-1.4337614,-1.7496834,-1.5766385,-1.4396391,-1.393078,-1.6966796,-1.2019216,-1.0715703,-1.5942762,-1.733423,-1.075988,-1.6706446,-1.5671902,-2.030254,-1.7410717,-1.9267709,-1.7535201,-1.6146424,-1.8570073,-1.6031324,-1.6481549,-1.7450297,-1.8251314,-1.4809247,-1.0006555,-1.9106145,-0.9738909,-1.3098385,-1.8499925,-1.5657277,-1.3125163,-1.4020823,-1.6296135,-1.7940547,-1.9041584,-1.9952964,-1.4524792,-1.7247348,-1.7936286,-1.5711887,-2.030414,-1.6490844,-1.6441329,-1.3853863,-1.590201,-1.5827308,-2.032161,-2.0986845,-1.6198589,0.27121583
35,36,PDCD1,"N50, DEN, varying MRL",,3.4991133,GGGACATCGTAGAGAGTCGTACTTACATCAAGGCGTGTCCCCATTAGGGCAGGTGTCCCCATCAATGCTGGGTAT,-1.488427,-1.8556372,-1.4380713,-1.7447745,-1.5565728,-1.3683497,-1.3926781,-1.6854615,-1.1753129,-1.0235745,-1.4856335,-1.7343924,-1.0923464,-1.6360615,-1.5528213,-1.9766076,-1.7256521,-1.917197,-1.7329446,-1.5965779,-1.8545961,-1.6235596,-1.6748387,-1.7277026,-1.7988318,-1.4724337,-0.9929722,-1.9171222,-0.9702526,-1.2846506,-1.819134,-1.5266724,-1.305857,-1.3856196,-1.6311375,-1.7907987,-1.8608937,-1.9837724,-1.4324181,-1.7474983,-1.7894735,-1.5173591,-1.9533066,-1.434599,-1.6349124,-1.382485,-1.5699897,-1.5927255,-2.0546186,-1.9631234,-1.5974492,0.26691553
36,37,PDCD1,"N50, DEN, varying MRL",,5.0119877,GGGACATCGTAGAGAGTCGTACTTACATCAAGGTGTCTCCATCAAGGATAGGCCTGGCTCATCAAGGCTCGGTGT,-1.5768912,-1.8400909,-1.4477631,-1.7399774,-1.6097049,-1.4230901,-1.3927363,-1.6862354,-1.1813737,-1.0808176,-1.536325,-1.7446527,-1.1080613,-1.63602,-1.5569303,-2.014622,-1.7402514,-1.9749581,-1.748582,-1.6164478,-1.8742524,-1.6321558,-1.6980208,-1.7176138,-1.8056438,-1.5014362,-0.9943989,-1.930613,-0.9790767,-1.316319,-1.8670793,-1.588551,-1.3238559,-1.4161484,-1.6467949,-1.7893068,-1.9148291,-2.0161037,-1.4404237,-1.784758,-1.8498429,-1.5199294,-1.9084119,-1.4418229,-1.6537842,-1.4414997,-1.6215075,-1.6169901,-2.0560691,-2.0096695,-1.6202489,0.2661299
37,38,PDCD1,"N50, DEN, varying MRL",,6.500868,GGGACATCGTAGAGAGTCGTACTTAGTACGGCAGTACGGTGTCACCATTACGTGCTAGGTGTCACCATTTAGTAT,-1.5778273,-1.8428514,-1.4408072,-1.7580413,-1.5644302,-1.3976482,-1.3843141,-1.6844434,-1.1869138,-1.0482569,-1.5085183,-1.7473922,-1.0949752,-1.6518496,-1.5530852,-1.9955022,-1.7135996,-1.8802489,-1.7743058,-1.5682882,-1.8527044,-1.605935,-1.667819,-1.7517445,-1.8196087,-1.4768665,-1.0229846,-1.9186095,-0.96535045,-1.2764237,-1.8350551,-1.5335552,-1.3098826,-1.3871701,-1.6102234,-1.7934813,-1.8658836,-1.9499711,-1.4466498,-1.6599615,-1.8255281,-1.5379146,-1.9722301,-1.5820345,-1.5930712,-1.3734,-1.5636157,-1.6072094,-1.9950345,-2.0511405,-1.604487,0.26336694
38,39,PDCD1,"N25, DEN",,7.5841203,GGGTTCGCGATCCGAGGGAGAAGTTGAG,-1.4602112,-1.9090554,-1.4270225,-1.828955,-1.6106128,-1.2782439,-1.3825281,-1.6730946,-1.2506121,-1.0840219,-1.7159231,-1.7660649,-1.1326752,-1.6240302,-1.6325973,-1.9445071,-1.8118418,-1.9376402,-1.8352259,-1.606836,-1.865591,-1.6699971,-1.8142495,-1.7841905,-1.750912,-1.5760218,-1.1119802,-1.859611,-1.0052826,-1.510966,-1.9703188,-1.6010273,-1.2513278,-1.5268642,-1.7301131,-1.7462958,-1.8319378,-2.1257863,-1.539381,-1.731528,-2.0035923,-1.616577,-1.9830374,-1.5448025,-1.6535265,-1.4197562,-1.5744039,-1.6069058,-2.0725794,-1.9454769,-1.6467149,0.26410908
39,40,PDCD1,"N25, DEN",,7.251004,GGGCGATTGAGGAGAGACGAACTGAACA,-1.4681739,-1.9108661,-1.4249926,-1.8318747,-1.6110357,-1.2855674,-1.3816174,-1.6725988,-1.2480096,-1.0836275,-1.7087985,-1.7673705,-1.1354561,-1.6195176,-1.6285256,-1.9492697,-1.8125637,-1.9385315,-1.8333039,-1.605632,-1.8490344,-1.6797048,-1.815837,-1.7859348,-1.7562195,-1.5791129,-1.1092786,-1.8576863,-1.0083026,-1.50967,-1.9727173,-1.6003888,-1.2451457,-1.532556,-1.7341977,-1.7478358,-1.8298723,-2.1291595,-1.538651,-1.7358626,-2.0063205,-1.619986,-1.9848118,-1.5476425,-1.6545386,-1.4150262,-1.5743114,-1.6050882,-2.0673532,-1.9508322,-1.647208,0.26428252
40,41,PDCD1,"N25, DEN",,7.205629,GGGTAACTCTCTGACGAGGAGAGTTGAA,-1.4601868,-1.9089732,-1.429081,-1.8289598,-1.6091148,-1.2768502,-1.3818566,-1.6745236,-1.2497429,-1.0835397,-1.713698,-1.7664764,-1.1322168,-1.6197903,-1.6322577,-1.9431807,-1.8122042,-1.9380517,-1.8332833,-1.6058353,-1.860881,-1.674013,-1.818363,-1.7830192,-1.7637988,-1.5775532,-1.111677,-1.8591907,-1.0057931,-1.5164437,-1.9693749,-1.600992,-1.2498492,-1.5302961,-1.7293905,-1.7475821,-1.8293846,-2.126711,-1.5384762,-1.7341979,-2.0045698,-1.6189506,-1.9868516,-1.5443782,-1.6543223,-1.4177942,-1.5754346,-1.6062701,-2.0698378,-1.9466387,-1.647037,0.26426685
41,42,PDCD1,"N25, DEN",,7.1895304,GGGTTCACGAGTGAGGTAATAACCTGAA,-1.4580449,-1.9099473,-1.4256127,-1.8299922,-1.6087608,-1.2764465,-1.3824905,-1.6745844,-1.2511709,-1.0838075,-1.7012848,-1.7654567,-1.1311444,-1.6211137,-1.6323828,-1.9437382,-1.809876,-1.9392154,-1.8339411,-1.6038008,-1.8579155,-1.6715106,-1.8114324,-1.7826,-1.7584311,-1.5763248,-1.1125385,-1.8590052,-1.0006998,-1.503106,-1.9690299,-1.599968,-1.2497971,-1.5255554,-1.7234237,-1.7461525,-1.8305283,-2.1252825,-1.5407691,-1.7196033,-2.0061643,-1.6183906,-1.9839033,-1.5469158,-1.6534859,-1.4145534,-1.5733901,-1.6039815,-2.051612,-1.946065,-1.6448985,0.26376787
42,43,PDCD1,"N25, DEN",,7.173338,GGGTTACTGACTGCGAGACGAGAGTACA,-1.4621989,-1.9100908,-1.4232461,-1.830746,-1.6103755,-1.2798876,-1.3822587,-1.6716876,-1.24981,-1.0833334,-1.7139199,-1.7661784,-1.1315246,-1.6185975,-1.6312158,-1.9467015,-1.8111326,-1.9353868,-1.8338453,-1.6045338,-1.8610392,-1.6763977,-1.7971196,-1.7858765,-1.7538023,-1.5753794,-1.1107341,-1.8583586,-1.0056945,-1.5037843,-1.9703368,-1.6006286,-1.2473074,-1.5295408,-1.7239407,-1.7448845,-1.8295712,-2.126524,-1.5401293,-1.7340006,-2.0057805,-1.6192409,-1.984623,-1.5487963,-1.6539464,-1.4168582,-1.5739623,-1.6047146,-2.0729449,-1.9448799,-1.6459492,0.2642679
43,44,PDCD1,"N25, DEN+VAE",,7.329358,GGGTTCGCGAGAGAGGGAATTATACGTT,-1.4571398,-1.9083788,-1.4265444,-1.8292952,-1.611015,-1.2757143,-1.3825849,-1.6755105,-1.2493635,-1.0844735,-1.7003415,-1.7648686,-1.1310011,-1.6221274,-1.6316074,-1.9435116,-1.8098066,-1.9361639,-1.8350018,-1.6022793,-1.8595699,-1.6722808,-1.8148954,-1.7803766,-1.7623564,-1.5793403,-1.1124055,-1.8599731,-1.0017776,-1.5078455,-1.9721229,-1.6001897,-1.2498881,-1.5266912,-1.7269576,-1.7464713,-1.8268931,-2.127335,-1.5396693,-1.7235992,-2.00899,-1.6178546,-1.9851152,-1.5420696,-1.6535087,-1.41801,-1.5739354,-1.6044681,-2.0564911,-1.947955,-1.6455151,0.26411927
44,45,PDCD1,"N25, DEN+VAE",,7.29157,GGGTTCACGCGAGAGGACTGCGAGGACA,-1.4711751,-1.9095579,-1.424672,-1.8331112,-1.6115714,-1.2835356,-1.38141,-1.6738808,-1.2488135,-1.0838569,-1.7188638,-1.7673175,-1.1353989,-1.6223418,-1.6292994,-1.953083,-1.8125465,-1.9418921,-1.8336214,-1.6068795,-1.8503008,-1.6785406,-1.8214583,-1.7858168,-1.7557923,-1.5803555,-1.1095508,-1.8575504,-1.0107182,-1.510644,-1.9746754,-1.6021218,-1.2455803,-1.5323117,-1.7352762,-1.7476524,-1.8284564,-2.1280103,-1.5392563,-1.7442162,-2.0064015,-1.6205857,-1.9875162,-1.5424393,-1.6551499,-1.4211736,-1.5763875,-1.6069362,-2.070758,-1.9627916,-1.6486249,0.26482487
45,46,PDCD1,VAT1,,,GGGGCTGGATCCCGCAGCCGCGGCTCTTCCCGACGCGTTCCGCCTTCCCCAGCTGTGCACTCTCCATCCAGCTGTGCGCTCTCGTCGGGAGTCCCAGCCGCCACC,-1.5954174,-1.8374802,-1.3990818,-1.7608594,-1.5702823,-1.5784397,-1.3906076,-1.7048974,-1.1591254,-1.0722927,-1.7393508,-1.761776,-1.1819794,-1.7689861,-1.5582823,-1.9935949,-1.5999452,-1.9463118,-1.7681957,-1.6326672,-1.8902303,-1.6087452,-1.5641266,-1.8271343,-1.9257679,-1.4671146,-0.94199365,-1.8457611,-1.0687715,-1.3238428,-1.9326444,-1.5995275,-1.3425194,-1.3280917,-1.7775527,-1.8539287,-1.952541,-1.9613441,-1.525969,-1.6612127,-1.8005165,-1.4742463,-2.0814748,-1.7570366,-1.7009267,-1.4063842,-1.661526,-1.6316822,-2.1927931,-2.1197233,-1.644894,0.2790662
46,47,PDCD1,LAMA5,,,GGGAGACCCGCCGGGCTCCCGCCGCGCGCGCTGTCCCTGGAGCTCGGGGACGCGGCCCGGAGCCGGGAAGGCCACC,-1.3856773,-1.9137307,-1.3879237,-1.7962872,-1.5582465,-1.4364983,-1.3651545,-1.6655718,-1.2617474,-1.0391915,-1.7599784,-1.7674533,-1.1798553,-1.6359338,-1.5666213,-1.9105239,-1.7617241,-1.9478905,-1.7812182,-1.5845666,-1.9110948,-1.6443499,-1.7336755,-1.8062075,-1.7934241,-1.5755087,-1.041988,-1.8910998,-0.9599294,-1.3592672,-1.932899,-1.6548597,-1.2719111,-1.5209857,-1.7521116,-1.710722,-1.8956411,-2.0658402,-1.5484625,-1.7460768,-1.8925351,-1.5751048,-1.9813883,-1.6277734,-1.671782,-1.4537408,-1.6318752,-1.6286967,-2.1316764,-2.0660574,-1.6436497,0.26998958
47,48,PDCD1,Strong Kozak,,,GGGGCCACC,-1.7341106,-1.8967859,-1.5255431,-1.8211044,-1.7156488,-1.4604137,-1.3890611,-1.7224385,-1.2251912,-1.1156131,-1.7705811,-1.7493323,-1.1891162,-1.6788372,-1.6182117,-2.0242696,-1.6906401,-2.1133845,-1.8615806,-1.6618036,-1.8731556,-1.6972636,-1.7442245,-1.893428,-1.8280778,-1.5582832,-1.0700811,-1.866368,-1.0626973,-1.6691015,-1.9903388,-1.5197879,-1.3585373,-1.347246,-1.7049896,-1.8454525,-1.8393553,-2.0555885,-1.4659123,-1.8168246,-1.9884759,-1.6674646,-2.159968,-1.690988,-1.689901,-1.5133439,-1.6717061,-1.616839,-2.0920446,-2.0568678,-1.6863595,0.26829344
48,1,TGFBR2,"N50, MPRA, varying MRL",2.142014443,1.8699944,GGGACATCGTAGAGAGTCGTACTTAAGGGATGCCACCGTTTAAAGGATATCTCGGTATGGCCTGGGTAAGCTTCC,-1.5324763,-1.9651572,-1.3252648,-1.7494919,-1.3925713,-1.4597055,-1.4588257,-1.7282069,-1.4539616,-1.093189,-1.6220338,-1.6248093,-1.1900655,-1.678671,-1.4966264,-1.8517425,-1.5551337,-1.735609,-1.6367419,-1.503495,-1.7551512,-1.562915,-1.4197925,-1.6966316,-1.8888687,-1.3981019,-0.9815183,-2.0461004,-0.9533342,-1.3638439,-1.8864491,-1.5681771,-1.3337848,-1.4382759,-1.7778599,-1.7122426,-1.810741,-1.7960783,-1.4896718,-1.7470865,-1.790828,-1.4888022,-1.9215509,-1.568298,-1.5982441,-1.753639,-1.6617965,-1.6930149,-2.0179598,-1.9890889,-1.6032724,0.24727832
49,2,TGFBR2,"N50, MPRA, varying MRL",3.497435235,3.500646,GGGACATCGTAGAGAGTCGTACTTAACTCTAGAGTCAGGCATTCTGTGAAATGGACATGGGCGAAGTAGGACCTA,-1.5652566,-1.9851083,-1.353725,-1.7603254,-1.3937517,-1.4962839,-1.4421713,-1.7138493,-1.4280521,-1.1268616,-1.6538352,-1.6623352,-1.2208117,-1.6168696,-1.4971993,-1.8649604,-1.5766634,-1.7675034,-1.649633,-1.4972948,-1.7345979,-1.5883754,-1.4752154,-1.6668857,-1.9266727,-1.3372362,-0.9984793,-2.0433588,-1.0121225,-1.4431992,-1.926191,-1.5486083,-1.3189529,-1.4696001,-1.8222287,-1.7115115,-1.8132489,-1.8399549,-1.4904206,-1.7165785,-1.879094,-1.4908949,-1.8413895,-1.5481743,-1.6059659,-1.7381036,-1.6347831,-1.6980311,-2.1457756,-1.9684682,-1.614132,0.2472782
50,3,TGFBR2,"N50, MPRA, varying MRL",5.000827211,5.0024657,GGGACATCGTAGAGAGTCGTACTTACAGCTCCTGCCAACGCAGAAGGCACCTATGCACTCTCGGACCGCGTCTCC,-1.5998054,-2.0185854,-1.3566517,-1.7632042,-1.4106675,-1.5363439,-1.4684224,-1.741254,-1.4402783,-1.1310542,-1.7196587,-1.6628268,-1.1832149,-1.6766914,-1.5082196,-1.8971828,-1.5761551,-1.8369162,-1.6451844,-1.5211557,-1.7416607,-1.6155401,-1.4322456,-1.7372961,-1.935983,-1.4753672,-1.0056798,-2.0431046,-0.9952002,-1.4238818,-1.9744289,-1.6017349,-1.3271769,-1.4624546,-1.8407218,-1.7064626,-1.8262649,-1.8228599,-1.564611,-1.747318,-1.8501127,-1.5330021,-1.8973463,-1.6128556,-1.5772401,-1.7997372,-1.687587,-1.6981843,-2.1137667,-2.0532992,-1.6359317,0.25274676
51,4,TGFBR2,"N50, MPRA, varying MRL",6.495498009,6.496485,GGGACATCGTAGAGAGTCGTACTTACCGGCAAGGGGTCCGGGGGTCTCCAACGCAGGAGCACACCGCAAGCTTAG,-1.5501906,-1.9666075,-1.3169475,-1.7625197,-1.3672371,-1.5622283,-1.4614278,-1.7342845,-1.4397815,-1.1049112,-1.583444,-1.6413155,-1.1984398,-1.6980323,-1.4964776,-1.8492583,-1.5698239,-1.7472551,-1.6768497,-1.4904035,-1.7544012,-1.5475427,-1.4096204,-1.6853288,-1.8560388,-1.3674575,-0.97370666,-2.0404081,-0.9312615,-1.3453827,-1.859599,-1.5633626,-1.3055125,-1.429642,-1.766226,-1.7119017,-1.8244393,-1.7826784,-1.4905272,-1.7085148,-1.7917103,-1.5058708,-1.9142604,-1.6989094,-1.5362126,-1.7483249,-1.6515499,-1.6736834,-2.0394552,-2.0138717,-1.6028966,0.25012925
52,5,TGFBR2,"N50, MPRA, high MRL",10.3604625,7.82314,GGGACATCGTAGAGAGTCGTACTTACAAGAGTGCAAGACACGCTCAGAAGTTAACAAAGACTTAGCGACACCGTC,-1.550376,-1.9282397,-1.3259345,-1.7521464,-1.3659095,-1.4572322,-1.4487242,-1.7139964,-1.4004034,-1.1254125,-1.580079,-1.6512285,-1.192841,-1.5999864,-1.4744638,-1.8303838,-1.5635206,-1.777525,-1.6261451,-1.4916939,-1.7018524,-1.5777863,-1.4328704,-1.6688184,-1.8972204,-1.3804791,-0.9473588,-2.0452998,-0.96326727,-1.3281825,-1.885774,-1.5572414,-1.2853566,-1.4550118,-1.7335773,-1.7008286,-1.7904364,-1.8147708,-1.471994,-1.718913,-1.8041883,-1.495572,-1.7959521,-1.4723624,-1.5614903,-1.7759402,-1.6219316,-1.6752806,-1.9507897,-1.9568737,-1.5864731,0.24254955
53,6,TGFBR2,"N50, MPRA, high MRL",9.309283115,7.7394547,GGGACATCGTAGAGAGTCGTACTTACGAGCCGGAAACGGTACTCTAATTGGCATACACACCTAGCGCAAACAATC,-1.488428,-1.9085675,-1.295886,-1.7560205,-1.2828726,-1.4530272,-1.4505371,-1.7192681,-1.4117919,-1.0640743,-1.5911257,-1.6294186,-1.1618729,-1.6062137,-1.4731812,-1.8013091,-1.551426,-1.7021365,-1.6583961,-1.4720043,-1.6900465,-1.5650328,-1.3621249,-1.6786871,-1.8959208,-1.2621073,-0.9607895,-2.0312712,-0.908995,-1.2727003,-1.876375,-1.4940697,-1.2501892,-1.4284999,-1.7510089,-1.6978546,-1.7916358,-1.7428023,-1.5017533,-1.6928939,-1.7827545,-1.5381184,-1.8244759,-1.5280296,-1.5301399,-1.6752565,-1.6073469,-1.6641505,-1.9589183,-1.9213468,-1.5672573,0.25047687
54,7,TGFBR2,"N50, MPRA, high MRL",9.225635318,7.644577,GGGACATCGTAGAGAGTCGTACTTAACGCAAACTTTGTCGTGCCTTAGGTAGAGGGTGACTACTTGCGGATCAAG,-1.575537,-1.9823185,-1.3344764,-1.766534,-1.4317846,-1.4710306,-1.4448899,-1.7178359,-1.4190878,-1.119629,-1.6282388,-1.6533976,-1.2108334,-1.6669842,-1.4958651,-1.8548679,-1.5499889,-1.7394642,-1.6603075,-1.5107071,-1.7560141,-1.5982786,-1.4420907,-1.6974541,-1.892296,-1.4443237,-0.98149747,-2.0543494,-0.9915727,-1.4138675,-1.9124507,-1.558025,-1.3193678,-1.4479456,-1.8083221,-1.7164536,-1.8080244,-1.8163496,-1.5005566,-1.7125075,-1.8151128,-1.4890621,-1.9211205,-1.5605805,-1.6333989,-1.7878201,-1.6536199,-1.6938967,-2.1582174,-2.083824,-1.6180434,0.2529083
55,8,TGFBR2,"N50, MPRA, high MRL",8.996743774,7.9392843,GGGACATCGTAGAGAGTCGTACTTACCCACGGTGATAGTGCGAGTAGACAGAGGGACTTTTAGGCACATTGGGAT,-1.5676275,-1.975607,-1.3336234,-1.7685269,-1.4004747,-1.4482354,-1.4420224,-1.7198167,-1.4245538,-1.1191956,-1.5908979,-1.6606941,-1.2189579,-1.6312433,-1.4790754,-1.8730938,-1.5647876,-1.7687814,-1.6357442,-1.5057728,-1.7502799,-1.5839456,-1.4535948,-1.6632854,-1.923551,-1.4564875,-0.9816688,-2.047313,-1.0053799,-1.3906198,-1.968441,-1.5604556,-1.3353397,-1.4643781,-1.8119451,-1.7199005,-1.8001797,-1.8483734,-1.4418508,-1.6871263,-1.8714912,-1.4832102,-1.869665,-1.5893725,-1.5962559,-1.7559063,-1.6330198,-1.7032793,-2.1107104,-1.9509789,-1.6117346,0.24870321
56,9,TGFBR2,"N25, MPRA, high MRL",7.85899916,6.5708075,GGGAATACAGAGTAAACCCAATCCTGAG,-1.4115113,-2.0381706,-1.2893211,-1.7824267,-1.5184902,-1.4164646,-1.4516214,-1.671333,-1.4605068,-1.0833796,-1.7249523,-1.7242117,-1.1892302,-1.6351718,-1.5819428,-1.7609329,-1.6329285,-1.8087786,-1.7703232,-1.5863394,-1.7300563,-1.6490036,-1.5486679,-1.79421,-1.7752715,-1.5469939,-1.08711,-2.1172657,-1.0160624,-1.5643219,-1.9900229,-1.6008865,-1.219261,-1.5755711,-1.8178632,-1.7111028,-1.7469466,-1.967547,-1.4754488,-1.6936265,-1.9289197,-1.5657942,-1.9527266,-1.556145,-1.6026393,-1.7167232,-1.7105592,-1.6912689,-2.0251324,-1.9635361,-1.6375744,0.24862586
57,10,TGFBR2,"N25, MPRA, high MRL",7.532818975,6.5204167,GGGCAACACTGGAAACCCGATCCCGAAG,-1.4159943,-2.0391815,-1.2944368,-1.7832031,-1.5191046,-1.4177666,-1.4508435,-1.6714324,-1.4600213,-1.083642,-1.7389169,-1.7251345,-1.1904092,-1.6383922,-1.5833476,-1.7654836,-1.6351376,-1.8155962,-1.7685858,-1.5880432,-1.7312652,-1.6512879,-1.5578034,-1.7968451,-1.767749,-1.5458933,-1.0845532,-2.11517,-1.0269347,-1.5802016,-1.9920592,-1.6011065,-1.2205817,-1.5772656,-1.8202721,-1.7112917,-1.7491174,-1.9680313,-1.4787136,-1.7075353,-1.9305614,-1.5663877,-1.9591928,-1.5505449,-1.6024376,-1.7221129,-1.711214,-1.6925029,-2.0392897,-1.9838785,-1.6405296,0.24930246
58,11,TGFBR2,"N25, MPRA, high MRL",7.471630652,6.501658,GGGAGTAGCTGTCAGAAGGCTATATACC,-1.4096704,-2.0399592,-1.292164,-1.7827173,-1.5150607,-1.4198934,-1.4517606,-1.6709492,-1.4603637,-1.0834891,-1.7180551,-1.7217467,-1.1872488,-1.623592,-1.5814949,-1.7585317,-1.633522,-1.8063636,-1.7700555,-1.583484,-1.7251221,-1.6502377,-1.5486863,-1.7941452,-1.7742465,-1.5443681,-1.0879754,-2.1145325,-1.0181614,-1.5622345,-1.9890971,-1.5998428,-1.214209,-1.5745442,-1.8155583,-1.7108635,-1.745436,-1.9672182,-1.4753284,-1.6943067,-1.93232,-1.5638921,-1.9559597,-1.5531994,-1.6018301,-1.7206073,-1.7098067,-1.6927481,-2.0198376,-1.9568703,-1.636466,0.24829316
59,12,TGFBR2,"N25, MPRA, high MRL",7.435120095,6.8182435,GGGTAATACACTCATAGTCATAATTAAT,-1.4178289,-2.029,-1.2964573,-1.7818059,-1.5153692,-1.4151489,-1.4532223,-1.6704681,-1.459722,-1.0874631,-1.7171022,-1.7243795,-1.1845796,-1.6270322,-1.5923531,-1.759049,-1.6310896,-1.7911506,-1.7794355,-1.5817332,-1.7338524,-1.6396682,-1.5362958,-1.7886126,-1.7730956,-1.5284219,-1.0899485,-2.1176453,-1.0055997,-1.5491512,-1.9871137,-1.5992788,-1.2192202,-1.5786245,-1.8155377,-1.7056493,-1.7431042,-1.9526268,-1.481044,-1.6648558,-1.932027,-1.5645897,-1.9556304,-1.5634164,-1.601118,-1.7266378,-1.711397,-1.6843027,-2.0003517,-1.9769317,-1.6348027,0.24749738
60,13,TGFBR2,"N50, SeqProp",,8.296751976,GGGACATCGTAGAGAGTCGTACTTACCGGATATCCGGATTTAATAGATAGAAGATATAATAAGATAATTATTGCT,-1.4981375,-1.8865769,-1.2697937,-1.7382418,-1.1700236,-1.4980851,-1.460065,-1.6876619,-1.4314035,-1.1229091,-1.5089321,-1.6001886,-1.1411679,-1.6808398,-1.460084,-1.7206267,-1.4695563,-1.7172042,-1.6792861,-1.4683717,-1.7205659,-1.5381979,-1.3911346,-1.6818653,-1.7969953,-1.2429932,-1.0119385,-1.961277,-0.9148435,-1.2521756,-1.7992728,-1.4872136,-1.2698084,-1.4207027,-1.7454413,-1.7013747,-1.7702674,-1.7271527,-1.4869282,-1.5878243,-1.789313,-1.5456054,-1.8341419,-1.4122277,-1.4664732,-1.7166498,-1.6345276,-1.6259158,-1.8617617,-2.0728881,-1.5535333,0.24512637
61,14,TGFBR2,"N50, SeqProp",,8.129437447,GGGACATCGTAGAGAGTCGTACTTACCGTAATCCGTTTTATAGTGAGAGAGTAGTAATTTAAGTAGAGAATCGTT,-1.530189,-1.9886934,-1.3114904,-1.7491269,-1.3907185,-1.45625,-1.4639663,-1.6969619,-1.4219213,-1.0896264,-1.5369726,-1.6312813,-1.1874826,-1.7024822,-1.4787447,-1.8114184,-1.5002762,-1.697771,-1.6627231,-1.502129,-1.748578,-1.5422263,-1.4141805,-1.7243462,-1.8575411,-1.4331843,-1.0086567,-2.0528798,-0.9291112,-1.3356363,-1.7904783,-1.5506544,-1.2953624,-1.4204838,-1.736018,-1.7152814,-1.7737006,-1.7530859,-1.4837898,-1.6246667,-1.7872306,-1.5464917,-1.8696756,-1.472328,-1.5717715,-1.7761369,-1.6531752,-1.6386074,-1.9524813,-2.0263214,-1.5858862,0.24288811
62,15,TGFBR2,"N50, SeqProp",,7.935946941,GGGACATCGTAGAGAGTCGTACTTAACAGAGAGTTTTCTATAACGTAAATCCGTAGCTAAGTAAGTAGAAGAGTT,-1.5149622,-1.9297259,-1.2732079,-1.7477906,-1.3091424,-1.448327,-1.4619085,-1.6981044,-1.4274833,-1.0855591,-1.5295087,-1.6070247,-1.1706136,-1.7066396,-1.4849781,-1.743072,-1.4846164,-1.7143507,-1.673899,-1.4843205,-1.744955,-1.5369922,-1.4059123,-1.7192423,-1.8158492,-1.3874493,-1.0012652,-2.054086,-0.9483925,-1.2889804,-1.7629492,-1.5430217,-1.3181704,-1.4209921,-1.7362589,-1.7111719,-1.7679663,-1.742898,-1.4685801,-1.6175793,-1.7817096,-1.5362082,-1.85017,-1.4522914,-1.5552146,-1.774285,-1.6272599,-1.6365234,-1.9578542,-1.9942898,-1.5730748,0.24122414
63,16,TGFBR2,"N50, SeqProp",,7.91066885,GGGACATCGTAGAGAGTCGTACTTACCCGTAACTTAATAATATCCGAGATTAGTAGCTAATTTAGCGAGTAGGAA,-1.5306882,-1.9723705,-1.2670425,-1.7419326,-1.3111696,-1.4477402,-1.4611448,-1.7004614,-1.3918631,-1.0702622,-1.5492483,-1.5922315,-1.1707109,-1.7296702,-1.503727,-1.7575035,-1.4928073,-1.7078125,-1.6701524,-1.4898323,-1.7404677,-1.5340105,-1.4083108,-1.7058306,-1.8150303,-1.353342,-0.9917546,-2.0351288,-0.92170906,-1.3336473,-1.7180401,-1.5209048,-1.2886094,-1.4329758,-1.7218986,-1.700199,-1.7755128,-1.7015067,-1.4695374,-1.581011,-1.768263,-1.5353463,-1.8301028,-1.4635462,-1.5282367,-1.7640076,-1.649182,-1.6423981,-1.9629304,-2.0356662,-1.5697496,0.24437939
64,17,TGFBR2,"N50, SeqProp+VAE",,7.858075619,GGGACATCGTAGAGAGTCGTACTTACCCAGAGAATATAAATCATAGTATAGTAATCCAAGAGAGTAGAAGATATT,-1.5002505,-1.9023364,-1.2527488,-1.7314126,-1.2856613,-1.449148,-1.4592768,-1.7007873,-1.3761312,-1.0578932,-1.4706851,-1.6064677,-1.1340576,-1.6870755,-1.4695857,-1.7590097,-1.4844532,-1.6980605,-1.6547912,-1.4813453,-1.7279152,-1.5430714,-1.4025941,-1.6875113,-1.8062599,-1.2601906,-0.9900103,-2.0323956,-0.9142738,-1.2758086,-1.7989925,-1.498372,-1.2641882,-1.4064301,-1.6990111,-1.7000625,-1.7675016,-1.7318399,-1.4674103,-1.6306036,-1.783267,-1.5223815,-1.7651879,-1.4192321,-1.5163504,-1.7429863,-1.6103349,-1.6308861,-1.8888564,-1.9531977,-1.5519662,0.24419704
65,18,TGFBR2,"N50, SeqProp+VAE",,7.977842808,GGGACATCGTAGAGAGTCGTACTTAGAGAGAGAGTTTATACCACAGAGTAACTTAACCCAATAATAACTAGAGTA,-1.4658803,-1.9108816,-1.2182889,-1.7348329,-1.2479757,-1.4682896,-1.4675788,-1.6794909,-1.3921871,-1.0320224,-1.5366743,-1.5890793,-1.1635454,-1.694302,-1.465287,-1.7365369,-1.4575489,-1.6905429,-1.6427612,-1.4571058,-1.731883,-1.5192066,-1.3589805,-1.6807725,-1.7790831,-1.2352201,-1.0065793,-2.0267403,-0.90307766,-1.2725617,-1.6275818,-1.4606247,-1.2653619,-1.4254128,-1.6648126,-1.6696659,-1.7885069,-1.6831216,-1.4778719,-1.5512848,-1.7831715,-1.549428,-1.8166167,-1.5047007,-1.500316,-1.7618706,-1.6514369,-1.6151614,-1.8551118,-1.9912391,-1.5441642,0.24353455
66,19,TGFBR2,"N50, SeqProp+VAE",,7.849075317,GGGACATCGTAGAGAGTCGTACTTACCCGGATAAAAAAACCCTGAGTGTAATCTAAGAGAATCGTAGAAAGAGTA,-1.5175737,-1.9603223,-1.2895143,-1.7480184,-1.3455434,-1.4392606,-1.456119,-1.7015563,-1.414991,-1.0731622,-1.4966912,-1.6021874,-1.1777833,-1.6471182,-1.482328,-1.7908943,-1.5012645,-1.68908,-1.644432,-1.48147,-1.7492907,-1.5353067,-1.3878598,-1.6930474,-1.8539625,-1.2994283,-0.9668723,-2.0423157,-0.9307044,-1.321692,-1.7820491,-1.4918325,-1.2875346,-1.4260638,-1.6936104,-1.7046502,-1.7693022,-1.7866616,-1.4928286,-1.6691531,-1.7533367,-1.480548,-1.7859991,-1.4556323,-1.5797275,-1.750973,-1.6313683,-1.6573924,-1.9606345,-1.9260131,-1.5665021,0.24300496
67,20,TGFBR2,"N50, SeqProp+VAE",,7.926457405,GGGACATCGTAGAGAGTCGTACTTACCCGTAGCGTAAAAAACAATTAGTAGAGAGAAATTATTGAGCGTAAAGTA,-1.5245,-1.9861706,-1.2559054,-1.7462972,-1.3534144,-1.4532436,-1.4615045,-1.6971701,-1.4012594,-1.0915293,-1.5340961,-1.6168073,-1.1726005,-1.695375,-1.4869177,-1.7859104,-1.4815258,-1.7176206,-1.6503323,-1.4885877,-1.7416035,-1.524772,-1.388922,-1.7313129,-1.8444991,-1.3684564,-0.9900022,-2.0539513,-0.9249953,-1.3124413,-1.7722164,-1.5290068,-1.27569,-1.4088336,-1.7244426,-1.6977175,-1.7742535,-1.7323811,-1.4873134,-1.6007266,-1.7907476,-1.5305629,-1.84823,-1.4581147,-1.552937,-1.7586927,-1.6490263,-1.6338756,-1.957523,-2.0526273,-1.5743326,0.2483944
68,21,TGFBR2,"N25, SeqProp",,7.241892815,GGGTTACGAGTAGAGAAGACCTTCTGAA,-1.4150171,-2.0383084,-1.295089,-1.7828993,-1.5199424,-1.4146963,-1.450538,-1.6725814,-1.4593234,-1.0832632,-1.7203344,-1.7235014,-1.1899431,-1.6338733,-1.5792842,-1.7605896,-1.633403,-1.8120142,-1.7695831,-1.5859307,-1.7270952,-1.6512718,-1.5590715,-1.7929341,-1.7854524,-1.5481296,-1.0858762,-2.115774,-1.0286561,-1.5723994,-1.990726,-1.6008968,-1.218825,-1.5780109,-1.8183687,-1.7120773,-1.7467902,-1.9690309,-1.4744557,-1.7049131,-1.9307455,-1.5655406,-1.9583081,-1.5499716,-1.6022506,-1.7223567,-1.711521,-1.693396,-2.0280535,-1.9705831,-1.639072,0.2484858
69,22,TGFBR2,"N25, SeqProp",,7.169063568,GGGTTTGACCTTTCCTACTGATAGAGAA,-1.414375,-2.036529,-1.2877314,-1.7821082,-1.5180038,-1.4162525,-1.4515761,-1.6719993,-1.4605187,-1.0838188,-1.7058457,-1.7234223,-1.1897194,-1.6317407,-1.5806234,-1.7575178,-1.6314458,-1.8016036,-1.7706903,-1.5842971,-1.7316949,-1.6459535,-1.5528653,-1.7868882,-1.7762942,-1.5467108,-1.0873853,-2.117701,-1.0278717,-1.5651319,-1.9867988,-1.5995047,-1.2150933,-1.5763893,-1.8164958,-1.7111713,-1.7464215,-1.9672962,-1.4755008,-1.6778942,-1.9319085,-1.5644579,-1.9541519,-1.555177,-1.6012893,-1.7229483,-1.7103149,-1.6937989,-2.0356958,-1.9579246,-1.636771,0.24792482
70,23,TGFBR2,"N25, SeqProp",,7.268687725,GGGCAAACTCTCTGAGGAGAGGTTTAAA,-1.4169296,-2.0390618,-1.294298,-1.7808855,-1.51851,-1.4179555,-1.450555,-1.673441,-1.4596823,-1.084042,-1.7155317,-1.7238939,-1.1903325,-1.6316627,-1.5809453,-1.7547565,-1.6329454,-1.806182,-1.7701269,-1.5856119,-1.7348455,-1.6467572,-1.5552306,-1.789863,-1.7823522,-1.5474106,-1.0889336,-2.1193023,-1.0271527,-1.5823967,-1.9888248,-1.6009369,-1.220709,-1.5763489,-1.8223561,-1.7123061,-1.7449232,-1.9685867,-1.4762703,-1.6998217,-1.9320697,-1.5644618,-1.9539375,-1.5501174,-1.6003597,-1.7243407,-1.7114836,-1.6951694,-2.030677,-1.9609618,-1.6387252,0.24789132
71,24,TGFBR2,"N25, SeqProp",,7.174387932,GGGTTTCCGTCTACTCGAGAGAGGAAAA,-1.4165124,-2.0387216,-1.2895567,-1.7839271,-1.520267,-1.4166127,-1.4507209,-1.6722445,-1.4606555,-1.0837709,-1.7272345,-1.7235146,-1.1903844,-1.63263,-1.5808244,-1.7582369,-1.6327213,-1.805686,-1.7701721,-1.5869918,-1.7363963,-1.6481055,-1.5571952,-1.7925899,-1.7801548,-1.5463735,-1.0879382,-2.1154814,-1.0282358,-1.5768231,-1.9878168,-1.601049,-1.2173755,-1.5770994,-1.8198675,-1.7110928,-1.7477896,-1.9693246,-1.4764116,-1.7060472,-1.9294559,-1.5662913,-1.9554682,-1.5504792,-1.6028216,-1.7245672,-1.7113134,-1.6943306,-2.044583,-1.9610505,-1.6392982,0.24856232
72,25,TGFBR2,"N25, SeqProp",,7.086833,GGGTTCGAGCGACCTGAATTAGAGGACA,-1.4179617,-2.0383034,-1.286659,-1.7833148,-1.5179421,-1.419083,-1.4510518,-1.6705959,-1.4602143,-1.0839605,-1.7201494,-1.7230211,-1.1904407,-1.6275498,-1.5788711,-1.7596536,-1.6339599,-1.8070803,-1.7708341,-1.5861055,-1.7266537,-1.6490381,-1.5568275,-1.7917742,-1.7712517,-1.5482703,-1.0863539,-2.1153367,-1.0282118,-1.5693645,-1.9878712,-1.60092,-1.2179972,-1.5780314,-1.8186735,-1.7116961,-1.7481477,-1.9693005,-1.4774088,-1.704157,-1.9302171,-1.5653702,-1.9582522,-1.5541054,-1.6022803,-1.7237517,-1.7103771,-1.6942803,-2.0343602,-1.9606164,-1.6383531,0.2481319
73,26,TGFBR2,"N25, SeqProp+VAE",,7.193542957,GGGTTTACCGGAATCCGAATTTGCGAAA,-1.4170986,-2.0387938,-1.2935073,-1.7832915,-1.5223517,-1.419099,-1.4507841,-1.6722251,-1.4595157,-1.0837612,-1.7360204,-1.7245855,-1.1907144,-1.6374573,-1.5801896,-1.7658703,-1.6352919,-1.813879,-1.7675654,-1.5874723,-1.7344733,-1.6539559,-1.560632,-1.7964983,-1.784899,-1.5510656,-1.0853885,-2.115437,-1.0307734,-1.5879813,-1.9929295,-1.6009977,-1.2219099,-1.5795503,-1.8255683,-1.7116402,-1.7505819,-1.9677722,-1.4772062,-1.7156392,-1.9307626,-1.5668933,-1.9626753,-1.5496312,-1.6033665,-1.7259507,-1.7124578,-1.6941526,-2.0423338,-1.9829994,-1.6419121,0.24942544
74,27,TGFBR2,"N25, SeqProp+VAE",,7.180799961,GGGTTCCGACCTTCCGAGGAGTTTAAGA,-1.4143451,-2.039337,-1.29015,-1.7815498,-1.5187526,-1.4186364,-1.4506582,-1.6719537,-1.4586897,-1.0841544,-1.7256151,-1.723679,-1.1910639,-1.6352366,-1.5815096,-1.7673944,-1.631819,-1.8037598,-1.7699648,-1.5857011,-1.7423732,-1.6446022,-1.5563473,-1.790419,-1.7772528,-1.5462335,-1.0883857,-2.1194644,-1.0275682,-1.580506,-1.9872556,-1.6010368,-1.2223018,-1.5771096,-1.8221501,-1.7107326,-1.7485957,-1.9682492,-1.4768546,-1.6950414,-1.9295698,-1.5647796,-1.9562851,-1.5524714,-1.6013848,-1.7263128,-1.7109827,-1.6938212,-2.0373247,-1.961202,-1.639212,0.24830145
75,28,TGFBR2,"N50, DEN",,9.757784,GGGACATCGTAGAGAGTCGTACTTATCGGAGAGAGAGAGAGAGAGAGAGAGAGATAAGTTCCTAACTGATTCTAA,-1.5283903,-1.9118803,-1.2884185,-1.7413822,-1.2345446,-1.4180976,-1.4537808,-1.7111981,-1.4126819,-1.1104538,-1.506451,-1.6386459,-1.1661069,-1.6106936,-1.4745681,-1.8046929,-1.496941,-1.6856148,-1.6324837,-1.488747,-1.7261343,-1.5747093,-1.4241538,-1.6946751,-1.8600829,-1.2815349,-0.96262294,-2.03721,-0.9499609,-1.289921,-1.8814216,-1.4952106,-1.3219541,-1.4228305,-1.7346982,-1.7005534,-1.762329,-1.7641858,-1.4663162,-1.670709,-1.7634727,-1.5261877,-1.7714405,-1.444034,-1.5351994,-1.7262831,-1.6076518,-1.653457,-1.9426218,-1.9365393,-1.5648773,0.24348964
76,29,TGFBR2,"N50, DEN",,9.343899,GGGACATCGTAGAGAGTCGTACTTAGTCCCTGAACGTTTTCGGGGAGCGCACTAATCGTTTCTCACTGATCCTAA,-1.5708693,-2.0006988,-1.3214571,-1.7615068,-1.3096563,-1.5875806,-1.45849,-1.7297629,-1.4480501,-1.1197779,-1.6376075,-1.6274049,-1.1541417,-1.6687952,-1.5053179,-1.8440549,-1.557848,-1.7004907,-1.639036,-1.4961764,-1.7062916,-1.5774227,-1.405467,-1.7001967,-1.8945353,-1.448011,-0.96859294,-2.044236,-0.92714214,-1.3533742,-1.9117942,-1.5432746,-1.2939292,-1.4344442,-1.7482901,-1.7132109,-1.7931505,-1.7551904,-1.5118425,-1.6866119,-1.7607392,-1.5310305,-1.913752,-1.6259365,-1.5575305,-1.7234979,-1.6343462,-1.6618348,-1.9861704,-1.9858032,-1.5987275,0.24744675
77,30,TGFBR2,"N50, DEN",,9.214127,GGGACATCGTAGAGAGTCGTACTTAAAGGAGAGAGAGAGAGAATCGGAGAGCACTAATCGTTCCACTAACTGATC,-1.5379325,-1.9407202,-1.3160717,-1.7438334,-1.2819585,-1.4478964,-1.4435637,-1.7073234,-1.4114045,-1.1021628,-1.5995814,-1.652409,-1.1702898,-1.5851852,-1.4657207,-1.8171552,-1.5646627,-1.7330248,-1.6187731,-1.4884771,-1.6761621,-1.5828918,-1.4017768,-1.6685965,-1.9003353,-1.3105794,-0.94776946,-2.0397213,-0.92467594,-1.3451617,-1.9137597,-1.5695274,-1.2572721,-1.4349761,-1.7786891,-1.7010268,-1.7768872,-1.778308,-1.4593179,-1.718575,-1.7573448,-1.5143199,-1.8336555,-1.5266076,-1.5580131,-1.7169442,-1.6012169,-1.6538875,-1.9631321,-1.9228381,-1.5772423,0.24813797
78,31,TGFBR2,"N50, DEN",,9.167394,GGGACATCGTAGAGAGTCGTACTTATCTAGTTCTAGTAGATAAGTTCCACTAGAACCCTAACTGACTAGCACACA,-1.4660448,-1.8746454,-1.2499216,-1.7403721,-1.2447785,-1.4513897,-1.4532763,-1.7084488,-1.3770442,-1.0564635,-1.4767789,-1.6379814,-1.1528592,-1.53696,-1.4500501,-1.7687087,-1.5068898,-1.6938384,-1.6280953,-1.486704,-1.6909441,-1.5640014,-1.3883224,-1.6827191,-1.806014,-1.2671914,-0.97442883,-2.021364,-0.9126122,-1.273927,-1.7824304,-1.4901447,-1.2398541,-1.4306037,-1.7480989,-1.7077183,-1.771117,-1.7305169,-1.4725277,-1.6317775,-1.7651683,-1.54636,-1.7537774,-1.4112376,-1.4795023,-1.7188034,-1.5941123,-1.6205244,-1.9033139,-1.9200348,-1.545208,0.2428885
79,32,TGFBR2,"N50, DEN",,9.146587,GGGACATCGTAGAGAGTCGTACTTAAAGTCCCTAATCGTTCCTAATCGGGGAGAGAGATAAGTTTCTGATTCTAA,-1.5417881,-1.9501969,-1.316557,-1.7401181,-1.2526327,-1.4500779,-1.4571956,-1.7140415,-1.3894542,-1.1020898,-1.5742182,-1.6262736,-1.1651316,-1.6250403,-1.4774244,-1.8135642,-1.5106493,-1.6947882,-1.6381994,-1.4999557,-1.7076727,-1.5614967,-1.418381,-1.7086158,-1.8624133,-1.3986701,-0.9625065,-2.035204,-0.93969357,-1.28917,-1.8928046,-1.4872102,-1.300725,-1.4149513,-1.7409185,-1.7177523,-1.7644902,-1.7491748,-1.4903626,-1.6768109,-1.7528405,-1.5016565,-1.8283725,-1.4728444,-1.5553886,-1.7526438,-1.6097354,-1.6653326,-1.9505547,-1.9505526,-1.5739666,0.24481295
80,33,TGFBR2,"N50, DEN+VAE",,8.7772255,GGGACATCGTAGAGAGTCGTACTTAGTTTTCTGGAGAAAGAGTCTAGAGCTAGCAGAGAGACCTTAAACCCTAAA,-1.4979564,-1.9091861,-1.2819979,-1.7534761,-1.33737,-1.4341444,-1.4504789,-1.7114077,-1.4052051,-1.0728794,-1.4978861,-1.6425633,-1.1796904,-1.5887583,-1.476663,-1.7572064,-1.5312697,-1.6967283,-1.6448395,-1.4774855,-1.7032732,-1.5528764,-1.4029596,-1.6657952,-1.8609217,-1.2831675,-0.9484051,-2.0250106,-0.938195,-1.3238754,-1.8386514,-1.4838934,-1.2657081,-1.4194267,-1.7355489,-1.7037001,-1.7732834,-1.7717218,-1.4561007,-1.6677098,-1.8023115,-1.5133033,-1.7681878,-1.460184,-1.5343012,-1.7097905,-1.6003622,-1.6588182,-1.964008,-1.8816258,-1.5612061,0.24172606
81,34,TGFBR2,"N50, DEN+VAE",,8.63653,GGGACATCGTAGAGAGTCGTACTTAGAGAGTTTTTATTCTTAAGTTTCGAAGTGAGAATCTCTAGAATTATCATA,-1.5285472,-1.9224017,-1.2899419,-1.7563032,-1.2930862,-1.4941026,-1.4454335,-1.7022369,-1.4033343,-1.0746707,-1.5549496,-1.6284325,-1.1630496,-1.6690813,-1.4560139,-1.7857099,-1.5036634,-1.6805204,-1.6265203,-1.4662434,-1.6945962,-1.5494025,-1.4204171,-1.7078844,-1.8623075,-1.3553554,-0.9869409,-2.0267434,-0.9267015,-1.305959,-1.7695961,-1.4945488,-1.2808119,-1.4249537,-1.726915,-1.7116868,-1.7642255,-1.7340761,-1.475402,-1.6602337,-1.7874502,-1.5287746,-1.7931174,-1.4736687,-1.5377613,-1.6587152,-1.611292,-1.6374289,-1.8207786,-1.8993837,-1.5614274,0.23409875
82,35,TGFBR2,"N50, DEN, varying MRL",,1.9945269,GGGACATCGTAGAGAGTCGTACTTACATCCCGGTCGCCATGGCTGGGTGTCCCCATCCGCGTCCCCAACAATGGC,-1.4209234,-2.0386665,-1.3160572,-1.7528137,-1.3383592,-1.5081173,-1.4610119,-1.7390912,-1.4529554,-1.1094748,-1.6400577,-1.6305399,-1.1621094,-1.6904396,-1.4963766,-1.85622,-1.5681018,-1.7318474,-1.6399497,-1.5201632,-1.7400836,-1.552836,-1.3850689,-1.7022966,-1.879104,-1.4340867,-0.9696061,-2.042407,-0.9464337,-1.3244158,-1.9006915,-1.5639541,-1.3073925,-1.4385363,-1.740091,-1.7153808,-1.8181009,-1.7838143,-1.5084833,-1.67467,-1.750758,-1.5345147,-1.9383016,-1.695526,-1.5182217,-1.7427287,-1.670248,-1.6530784,-1.9878747,-2.0913055,-1.6016659,0.25556594
83,36,TGFBR2,"N50, DEN, varying MRL",,3.4991133,GGGACATCGTAGAGAGTCGTACTTACATCAAGGCGTGTCCCCATTAGGGCAGGTGTCCCCATCAATGCTGGGTAT,-1.4609474,-1.9849643,-1.3081415,-1.7453758,-1.3293674,-1.4357784,-1.4609598,-1.7274321,-1.4337689,-1.0623273,-1.5317073,-1.6315873,-1.1835284,-1.6555961,-1.4806709,-1.8061321,-1.5524625,-1.7240145,-1.614962,-1.4986364,-1.735881,-1.5735141,-1.4149044,-1.6786319,-1.8526729,-1.4218165,-0.96205467,-2.0476203,-0.947278,-1.3069725,-1.8774917,-1.5239365,-1.3012483,-1.423223,-1.744664,-1.7118942,-1.7733314,-1.7622682,-1.4847906,-1.7004774,-1.7475759,-1.4833637,-1.861962,-1.4800786,-1.5282202,-1.7414076,-1.6499456,-1.6628445,-2.0107665,-1.9589361,-1.5799626,0.24792306
84,37,TGFBR2,"N50, DEN, varying MRL",,5.0119877,GGGACATCGTAGAGAGTCGTACTTACATCAAGGTGTCTCCATCAAGGATAGGCCTGGCTCATCAAGGCTCGGTGT,-1.5450699,-1.9750527,-1.329306,-1.738314,-1.3770772,-1.4905916,-1.4613687,-1.7263905,-1.4382753,-1.1182317,-1.5852028,-1.6418084,-1.1977518,-1.6535436,-1.4869576,-1.8466461,-1.5673484,-1.781876,-1.631837,-1.5189726,-1.7713363,-1.5821863,-1.4370866,-1.6683768,-1.8589199,-1.4524645,-0.9645873,-2.059895,-0.9515963,-1.3427911,-1.927117,-1.5865862,-1.3234928,-1.4538025,-1.7605648,-1.709536,-1.8285607,-1.8007952,-1.4840243,-1.7470555,-1.8111788,-1.4866154,-1.8161622,-1.4852456,-1.5440642,-1.7931354,-1.7000979,-1.688088,-2.0124142,-2.008053,-1.6033493,0.24771304
85,38,TGFBR2,"N50, DEN, varying MRL",,6.500868,GGGACATCGTAGAGAGTCGTACTTAGTACGGCAGTACGGTGTCACCATTACGTGCTAGGTGTCACCATTTAGTAT,-1.5473261,-1.9712402,-1.3129393,-1.7585796,-1.3345941,-1.4662317,-1.4515179,-1.7273088,-1.4433953,-1.0876596,-1.5560334,-1.6443684,-1.1838485,-1.671327,-1.4823124,-1.8225949,-1.5393593,-1.6888456,-1.6567248,-1.4699835,-1.7322062,-1.5555933,-1.4082382,-1.7024924,-1.8732347,-1.430001,-0.995652,-2.043183,-0.9375215,-1.2977728,-1.8861122,-1.53051,-1.3122622,-1.4240216,-1.7233564,-1.7137824,-1.7803154,-1.7351319,-1.4999461,-1.6155891,-1.7823708,-1.5042386,-1.8803865,-1.6267686,-1.4872171,-1.7419505,-1.6448581,-1.6773983,-1.949779,-2.043752,-1.5870368,0.24595925
86,39,TGFBR2,"N25, DEN",,7.5841203,GGGTTCGCGATCCGAGGGAGAAGTTGAG,-1.4156226,-2.0388582,-1.292873,-1.7817461,-1.5202156,-1.4188777,-1.4510523,-1.6720244,-1.4602199,-1.0839814,-1.7299403,-1.7234877,-1.1913459,-1.6371759,-1.5815768,-1.7590895,-1.6349996,-1.8095019,-1.7709876,-1.5887357,-1.7455299,-1.646979,-1.5564964,-1.7947996,-1.7745682,-1.5473756,-1.0875124,-2.1171155,-1.0273422,-1.5793135,-1.9904048,-1.6016315,-1.2218672,-1.5769233,-1.8258237,-1.7116889,-1.7486473,-1.9681729,-1.4760191,-1.7036908,-1.9279947,-1.5630828,-1.9578924,-1.5499923,-1.6018186,-1.7263336,-1.7119814,-1.6953738,-2.0412195,-1.9632922,-1.6400642,0.24861014
87,40,TGFBR2,"N25, DEN",,7.251004,GGGCGATTGAGGAGAGACGAACTGAACA,-1.4237958,-2.0409386,-1.2908051,-1.7854679,-1.520621,-1.425202,-1.4496139,-1.6701727,-1.4590019,-1.0844146,-1.7227106,-1.7248406,-1.1942387,-1.6325903,-1.5772604,-1.7624053,-1.635771,-1.810365,-1.7694545,-1.587432,-1.7175298,-1.6555939,-1.5587945,-1.7965981,-1.7814395,-1.5508736,-1.0848197,-2.1151934,-1.0305254,-1.5781652,-1.9931493,-1.6009662,-1.21539,-1.5798581,-1.8296337,-1.7133986,-1.7485783,-1.971094,-1.4751159,-1.7084715,-1.9306961,-1.5665573,-1.9600716,-1.5527495,-1.6028564,-1.722976,-1.7116796,-1.6943496,-2.035803,-1.9687264,-1.6403753,0.24868245
88,41,TGFBR2,"N25, DEN",,7.205629,GGGTAACTCTCTGACGAGGAGAGTTGAA,-1.4156862,-2.0391269,-1.2953303,-1.7818587,-1.5186745,-1.4175926,-1.4499809,-1.6729158,-1.4600185,-1.0836805,-1.7277023,-1.7239113,-1.1909037,-1.6328646,-1.5811486,-1.757112,-1.6354357,-1.8099079,-1.7693925,-1.5876851,-1.7345926,-1.6508838,-1.5595043,-1.7935926,-1.7887902,-1.5492921,-1.0872077,-2.1171718,-1.0278411,-1.5845613,-1.989397,-1.6015712,-1.2213324,-1.5787089,-1.8247504,-1.7128538,-1.7477539,-1.9689615,-1.4749813,-1.7068326,-1.9289361,-1.5654674,-1.9620775,-1.5495518,-1.6026194,-1.7244928,-1.71256,-1.6951816,-2.0383387,-1.96448,-1.6403042,0.24865851
89,42,TGFBR2,"N25, DEN",,7.1895304,GGGTTCACGAGTGAGGTAATAACCTGAA,-1.4134914,-2.038716,-1.2911329,-1.7820073,-1.5182837,-1.4172109,-1.4510994,-1.6729238,-1.4605049,-1.0836186,-1.7151295,-1.7228773,-1.1898425,-1.6341947,-1.58131,-1.7574968,-1.6326398,-1.8110945,-1.7699658,-1.5855825,-1.7309612,-1.6487074,-1.5540428,-1.7931973,-1.7824928,-1.5477017,-1.0882376,-2.1170185,-1.0225964,-1.5718269,-1.9889436,-1.6005522,-1.2200315,-1.5757922,-1.8185326,-1.7113869,-1.7479255,-1.967572,-1.4774764,-1.6907958,-1.9304814,-1.5650617,-1.9588864,-1.5519824,-1.6017493,-1.7211491,-1.7107791,-1.6927124,-2.0196822,-1.9638678,-1.638025,0.24807316
90,43,TGFBR2,"N25, DEN",,7.173338,GGGTTACTGACTGCGAGACGAGAGTACA,-1.4177302,-2.039253,-1.2885919,-1.7843297,-1.5199807,-1.4201978,-1.4506408,-1.6705014,-1.4599141,-1.083589,-1.7279159,-1.723628,-1.1902189,-1.6316451,-1.5801542,-1.7607219,-1.6341772,-1.8073043,-1.7699745,-1.586321,-1.7346791,-1.6528053,-1.5413544,-1.7965358,-1.7789714,-1.5465795,-1.0863298,-2.1160183,-1.0277376,-1.5726447,-1.9904549,-1.6012044,-1.2182014,-1.5787878,-1.8190578,-1.7105321,-1.7482605,-1.9688177,-1.4768274,-1.7064209,-1.9301635,-1.56579,-1.9599649,-1.553864,-1.6022455,-1.7245358,-1.7114346,-1.6938732,-2.0415766,-1.9627022,-1.6393031,0.24895725
91,44,TGFBR2,"N25, DEN+VAE",,7.329358,GGGTTCGCGAGAGAGGGAATTATACGTT,-1.412611,-2.0390356,-1.2926923,-1.7812289,-1.5205961,-1.4165636,-1.4513842,-1.6738957,-1.4597487,-1.0841056,-1.7141814,-1.7222265,-1.1897099,-1.6352838,-1.5804561,-1.7562617,-1.6325651,-1.8080037,-1.7709203,-1.5839758,-1.7341096,-1.6494243,-1.5570071,-1.7908648,-1.7871988,-1.5509204,-1.0883744,-2.116843,-1.0237143,-1.5764732,-1.9923143,-1.6007687,-1.2207491,-1.5755042,-1.8222975,-1.7121778,-1.7451638,-1.9695693,-1.476332,-1.6948183,-1.9333109,-1.5645306,-1.9602882,-1.5472637,-1.6017982,-1.7245519,-1.7115296,-1.6932952,-2.0246499,-1.965757,-1.638741,0.2484759
92,45,TGFBR2,"N25, DEN+VAE",,7.29157,GGGTTCACGCGAGAGGACTGCGAGGACA,-1.4267796,-2.039562,-1.2907882,-1.7864496,-1.5211788,-1.4234372,-1.4488428,-1.671087,-1.4592992,-1.0843455,-1.7328985,-1.7247571,-1.1941552,-1.6354649,-1.5780594,-1.7658744,-1.6358987,-1.8138014,-1.7695764,-1.5887464,-1.7203281,-1.6547241,-1.5632011,-1.7964735,-1.7812085,-1.5523187,-1.0851566,-2.114987,-1.0331213,-1.579222,-1.9951363,-1.6027635,-1.216024,-1.5801139,-1.8313699,-1.7132446,-1.7471902,-1.9700774,-1.4757699,-1.7168977,-1.9308019,-1.5673848,-1.9630272,-1.5476083,-1.6034609,-1.7300055,-1.7133378,-1.6961143,-2.039306,-1.980858,-1.6418447,0.24927728
93,46,TGFBR2,VAT1,,,GGGGCTGGATCCCGCAGCCGCGGCTCTTCCCGACGCGTTCCGCCTTCCCCAGCTGTGCACTCTCCATCCAGCTGTGCGCTCTCGTCGGGAGTCCCAGCCGCCACC,-1.5063422,-1.9848174,-1.3626642,-1.7520078,-1.4504834,-1.6295195,-1.4506608,-1.7144083,-1.4484736,-1.0683895,-1.7596544,-1.6262182,-1.2704638,-1.7844223,-1.4859551,-1.8837042,-1.4975076,-1.7628561,-1.6403168,-1.5012313,-1.7823609,-1.5583202,-1.4176536,-1.7640712,-1.9474019,-1.4819156,-1.0021418,-2.0361056,-1.0193686,-1.3161626,-1.9333844,-1.6205941,-1.312603,-1.313266,-1.8811593,-1.7607683,-1.8259994,-1.8147337,-1.5817318,-1.6388936,-1.7604537,-1.4500096,-2.0044503,-1.714902,-1.5811652,-1.763871,-1.74341,-1.7104099,-2.138973,-2.1191375,-1.6315101,0.26271462
94,47,TGFBR2,LAMA5,,,GGGAGACCCGCCGGGCTCCCGCCGCGCGCGCTGTCCCTGGAGCTCGGGGACGCGGCCCGGAGCCGGGAAGGCCACC,-1.3597528,-2.0409899,-1.2642395,-1.7569214,-1.4132973,-1.5811762,-1.4560323,-1.691924,-1.4501661,-1.0638518,-1.7780408,-1.6929713,-1.2631075,-1.6785455,-1.5684733,-1.7249641,-1.6050078,-1.8175973,-1.6987537,-1.5767496,-1.8116525,-1.6433421,-1.4746684,-1.7995934,-1.8181424,-1.5505313,-1.0030903,-2.0650978,-1.0048575,-1.3787277,-1.9629748,-1.6565624,-1.2392992,-1.5521272,-1.8363272,-1.677643,-1.7971818,-1.8998159,-1.5333658,-1.7216529,-1.845917,-1.5036049,-1.9299787,-1.6237746,-1.5856868,-1.7868329,-1.7390544,-1.7091968,-2.1000288,-2.1057653,-1.6367809,0.25900778
95,48,TGFBR2,Strong Kozak,,,GGGGCCACC,-1.6650702,-2.0452092,-1.4664074,-1.8001722,-1.5774118,-1.5202531,-1.4587735,-1.7331159,-1.4711375,-1.1067826,-1.8088199,-1.5820079,-1.276726,-1.7019331,-1.5661118,-1.9022669,-1.5497955,-1.9176589,-1.7317555,-1.5727279,-1.7847732,-1.641807,-1.537379,-1.8191026,-1.8280362,-1.5573894,-1.0995127,-2.0334501,-1.0169715,-1.6368614,-2.00054,-1.5363235,-1.3302754,-1.3615134,-1.8159406,-1.7824514,-1.716168,-1.9066292,-1.4976683,-1.7881689,-1.9264058,-1.639591,-2.0685897,-1.7083935,-1.5893544,-1.8982635,-1.7306517,-1.6975527,-2.046419,-2.050281,-1.6700122,0.24736974
